date,value copper,value nickel
7/17/09,2.423,16047.86
7/20/09,2.469,16145.89
7/21/09,2.451,15871
7/22/09,2.5255,16174.88
7/23/09,2.524,16327
7/24/09,2.522,16692.91
7/27/09,2.545,16883.9
7/28/09,2.5205,16560.95
7/29/09,2.4775,16204.16
7/30/09,2.564,17164.88
7/31/09,2.6235,17897.87
8/3/09,2.7385,18772.86
8/4/09,2.7955,19290.92
8/5/09,2.812,20393
8/6/09,2.752,19538.33
8/7/09,2.7855,19558.5
8/10/09,2.7705,20126
8/11/09,2.7365,19424.5
8/12/09,2.8235,19579.2
8/13/09,2.914,20534.5
8/14/09,2.836,19515
8/17/09,2.7705,19078.79
8/18/09,2.7615,18785.74
8/19/09,2.7605,18822.31
8/20/09,2.7415,18878.74
8/21/09,2.8805,19300.68
8/24/09,2.915,19612.62
8/25/09,2.856,19374.3
8/26/09,2.861,19106.05
8/27/09,2.8579,18781.33
8/28/09,2.9395,19595
8/31/09,2.8228,18276.75
9/1/09,2.8185,18101.67
9/2/09,2.826,18300
9/3/09,2.865,17574.38
9/4/09,2.8665,17680.29
9/8/09,2.956,17933.33
9/9/09,2.924,17914.6
9/10/09,2.8765,17160
9/11/09,2.8465,16913
9/14/09,2.8045,16571
9/15/09,2.845,16680.06
9/16/09,2.9365,17220.27
9/17/09,2.896,17494.1
9/18/09,2.785,17069.14
9/21/09,2.8055,17312.14
9/22/09,2.8645,17668.11
9/23/09,2.808,17799.35
9/24/09,2.7095,17012.17
9/25/09,2.7405,16812.18
9/28/09,2.727,16661.19
9/29/09,2.729,17055.9
9/30/09,2.819,17820.74
10/1/09,2.737,17348.28
10/2/09,2.6815,17197.87
10/5/09,2.727,17463.86
10/6/09,2.7845,18044.77
10/7/09,2.7795,18572
10/8/09,2.8985,19175
10/9/09,2.838,18678
10/12/09,2.857,18746
10/13/09,2.7945,18088
10/14/09,2.8445,18480.6
10/15/09,2.859,18735
10/16/09,2.8455,18636
10/19/09,2.9665,19210.79
10/20/09,2.932,18778.85
10/21/09,3.036,19669.65
10/22/09,2.998,19079
10/26/09,3.011,18923.91
10/27/09,2.999,18579.9
10/28/09,2.9305,18578.9
10/29/09,3.0295,17725.84
10/30/09,2.9555,18620.94
11/2/09,2.945,18205.33
11/3/09,2.956,18016.21
11/4/09,2.993,17744.08
11/5/09,2.957,17840.75
11/6/09,2.9525,17699.22
11/9/09,2.9675,17283.75
11/10/09,2.9615,17430
11/11/09,2.966,16755.33
11/12/09,2.9475,16787.2
11/13/09,2.9725,16130
11/16/09,3.1035,16048
11/17/09,3.1085,16742.5
11/18/09,3.1105,16842.48
11/19/09,3.081,17092.5
11/20/09,3.108,16917.52
11/23/09,3.1355,16543.5
11/24/09,3.1161,16844.95
11/25/09,3.1708,16610
11/27/09,3.1019,16942.42
11/30/09,3.1573,16516.5
12/1/09,3.2135,16019
12/2/09,3.24,16335.93
12/3/09,3.2275,16183.92
12/4/09,3.2195,16232.75
12/7/09,3.191,15932
12/8/09,3.146,15927
12/9/09,3.104,15920
12/10/09,3.0845,16068
12/11/09,3.115,16490.6
12/14/09,3.1345,16194.5
12/15/09,3.125,16527
12/16/09,3.1895,16827.47
12/17/09,3.113,16936.14
12/18/09,3.123,17434.46
12/21/09,3.1425,17001
12/22/09,3.1215,17030.56
12/23/09,3.187,17877.75
12/24/09,3.2725,17677.29
12/28/09,3.3213,18358
12/29/09,3.303,18572
12/30/09,3.3372,19128.25
12/31/09,3.3427,18830.13
1/4/10,3.406,18480
1/6/10,3.4945,18921
1/7/10,3.427,18636
1/8/10,3.4005,19086
1/11/10,3.441,18386.89
1/12/10,3.3495,17832.88
1/13/10,3.4,17819.86
1/14/10,3.3875,17627.83
1/15/10,3.366,18230.2
1/19/10,3.447,18350
1/20/10,3.355,18528
1/21/10,3.295,18818.75
1/22/10,3.347,19143.78
1/25/10,3.393,18730.31
1/26/10,3.3395,18873.83
1/27/10,3.2225,18240.82
1/28/10,3.098,18077.95
1/29/10,3.0525,18122.95
2/1/10,3.0835,18119.84
2/2/10,3.0895,18275.94
2/3/10,2.9735,18434.87
2/4/10,2.879,17929.93
2/5/10,2.8575,18225.92
2/8/10,2.913,18277
2/9/10,2.987,17653
2/10/10,2.989,16977
2/11/10,3.1335,17202
2/12/10,3.0825,17474
2/16/10,3.2215,17638
2/17/10,3.2395,17945
2/18/10,3.2855,18570
2/19/10,3.357,19280.82
2/22/10,3.3109,20255.81
2/24/10,3.243,20068.65
2/25/10,3.203,20376
2/26/10,3.2809,20650
3/1/10,3.35,20400
3/2/10,3.4115,20116.1
3/3/10,3.435,20399.32
3/4/10,3.3755,20271.13
3/5/10,3.4175,21097.13
3/8/10,3.4105,21368.14
3/9/10,3.4115,22159.15
3/10/10,3.368,22768.5
3/11/10,3.377,22221.22
3/12/10,3.38,22321
3/15/10,3.315,22225
3/16/10,3.365,22176
3/17/10,3.418,21448
3/18/10,3.3955,21223
3/19/10,3.3725,21685
3/22/10,3.3805,21445.83
3/23/10,3.379,21859.68
3/24/10,3.3455,22212
3/25/10,3.3805,22722.67
3/26/10,3.403,22412.66
3/29/10,3.5355,22233.71
3/30/10,3.5635,22456.7
3/31/10,3.5535,22216.08
4/1/10,3.584,22806.7
4/5/10,3.6315,23569.86
4/6/10,3.617,23965
4/7/10,3.5975,24322.75
4/8/10,3.5865,24960.8
4/9/10,3.59,25475
4/12/10,3.5645,24799.77
4/13/10,3.6005,24679.5
4/14/10,3.6105,24668.56
4/15/10,3.6005,25142.63
4/16/10,3.5145,25720.57
4/19/10,3.497,25444.08
4/20/10,3.5135,26339.2
4/21/10,3.535,27165.5
4/22/10,3.4865,26645.5
4/23/10,3.513,26637
4/26/10,3.528,27227.67
4/27/10,3.3673,26940.73
4/28/10,3.3757,27035.57
4/29/10,3.3437,26989.07
4/30/10,3.3503,27092.57
5/3/10,3.2935,25865.55
5/4/10,3.1785,25592.74
5/5/10,3.1515,25343.67
5/6/10,3.117,25810
5/7/10,3.1445,24596.38
5/10/10,3.228,21862
5/11/10,3.2065,21985.78
5/12/10,3.188,22485.75
5/13/10,3.2315,22937
5/14/10,3.134,22521.17
5/17/10,2.932,22482.6
5/18/10,3.031,22702.5
5/19/10,2.9595,21483
5/20/10,2.9445,20627.86
5/21/10,3.061,22080.85
5/24/10,3.1475,21231.33
5/25/10,3.042,21128.43
5/26/10,3.0805,21279.95
5/27/10,3.1585,22125.95
5/28/10,3.1045,21118.95
6/1/10,3.063,21041.79
6/2/10,3.0405,21727
6/3/10,2.9465,21555
6/4/10,2.8195,20425
6/7/10,2.766,19577
6/8/10,2.7795,18601
6/9/10,2.85,17882
6/10/10,2.8625,18132.71
6/11/10,2.904,18412
6/14/10,2.992,19217.6
6/15/10,3.0045,18885.5
6/16/10,2.9955,19480
6/17/10,2.9055,20230.71
6/18/10,2.884,20160.71
6/21/10,2.942,19972.36
6/22/10,2.992,19731.8
6/23/10,2.9355,19520.79
6/24/10,3.0055,19777.79
6/25/10,3.0986,19578.78
6/28/10,3.0787,19204.42
6/29/10,2.9245,19327.87
6/30/10,2.9476,19679.82
7/1/10,2.877,20581.76
7/2/10,2.916,19010.7
7/6/10,2.971,19681.95
7/7/10,3.015,19150
7/8/10,3.0155,18735.8
7/9/10,3.0535,18609.79
7/12/10,3.009,18839.46
7/13/10,3.0175,19093
7/14/10,3.0085,19343.22
7/15/10,3.012,19443.25
7/16/10,2.9295,19140.14
7/19/10,2.938,19490.17
7/20/10,3.0015,19340.2
7/21/10,3.093,19336.5
7/22/10,3.1645,18886
7/23/10,3.185,18730.86
7/26/10,3.223,19050.96
7/27/10,3.2065,19421.88
7/28/10,3.2455,20183
7/29/10,3.29,20282
7/30/10,3.3115,20727
8/2/10,3.3895,20475
8/3/10,3.3585,20336
8/4/10,3.4045,20607
8/5/10,3.3535,21081
8/6/10,3.343,21884.07
8/9/10,3.354,21601.08
8/10/10,3.3125,21888.25
8/11/10,3.254,21810.11
8/12/10,3.284,22036.13
8/13/10,3.252,22733.14
8/16/10,3.2795,22131.17
8/17/10,3.3385,21627.6
8/18/10,3.3495,21358
8/19/10,3.3185,21209
8/20/10,3.291,21479.86
8/23/10,3.2915,21880.85
8/24/10,3.241,21833.54
8/25/10,3.211,21733.83
8/26/10,3.3087,21490.86
8/27/10,3.3716,21140.36
8/30/10,3.4229,20541.4
8/31/10,3.3682,20034.58
9/1/10,3.4775,20395.87
9/2/10,3.4955,20555
9/3/10,3.5,20646.85
9/7/10,3.4705,20999.33
9/9/10,3.4435,21455
9/10/10,3.4065,21553
9/13/10,3.479,22110
9/14/10,3.4685,22161
9/15/10,3.4665,22894
9/16/10,3.4935,22745.6
9/17/10,3.522,22497.6
9/20/10,3.5045,22847.14
9/21/10,3.481,23354.94
9/22/10,3.565,23213.03
9/23/10,3.5905,23259.2
9/24/10,3.618,23214.52
9/27/10,3.597,23083.93
9/29/10,3.6615,22352.7
9/30/10,3.6515,22570.85
10/1/10,3.6905,22768.22
10/4/10,3.664,22927.45
10/5/10,3.7265,23120.57
10/6/10,3.753,23200.75
10/7/10,3.6795,23367.68
10/8/10,3.7745,23408.63
10/11/10,3.7895,23851
10/12/10,3.7895,24124
10/13/10,3.8205,24709.85
10/14/10,3.8155,24782.17
10/15/10,3.839,23865.75
10/18/10,3.855,24362.75
10/19/10,3.7575,24290.71
10/20/10,3.7935,24014.83
10/21/10,3.7815,24361
10/22/10,3.797,24262
10/25/10,3.863,23987.25
10/26/10,3.869,23752.48
10/27/10,3.7755,23409.33
10/28/10,3.7875,23882.27
10/29/10,3.7335,23487.09
11/1/10,3.785,23161.45
11/2/10,3.839,23510.75
11/3/10,3.785,23235.45
11/4/10,3.912,22740
11/5/10,3.9485,23031.81
11/8/10,3.9565,22920
11/9/10,4.043,23178.36
11/10/10,3.969,23410
11/11/10,4.0225,23483
11/12/10,3.8935,24437.11
11/15/10,3.925,24391.25
11/16/10,3.7275,24060.14
11/17/10,3.7295,24554.4
11/18/10,3.831,24088
11/19/10,3.8335,23933.82
11/22/10,3.7515,22615.82
11/23/10,3.7025,22287.11
11/24/10,3.7563,20757.26
11/26/10,3.7532,21489.23
11/29/10,3.761,21791.3
11/30/10,3.8242,21792.32
12/1/10,3.9475,21543.81
12/2/10,3.9785,21549.16
12/3/10,3.9985,22448.95
12/6/10,4.0075,22779.25
12/7/10,4.0475,22503.47
12/8/10,4.099,22375.93
12/9/10,4.085,23003
12/10/10,4.1095,23512
12/13/10,4.2045,23630.33
12/14/10,4.206,23477.25
12/15/10,4.1295,23577
12/16/10,4.113,24062
12/17/10,4.156,23953
12/20/10,4.2035,23549.5
12/21/10,4.273,23919.5
12/22/10,4.272,24472.5
12/23/10,4.256,24445.67
12/27/10,4.2765,24498.86
12/28/10,4.3248,24646.91
12/29/10,4.3085,24947.3
12/30/10,4.3601,24498.22
12/31/10,4.4455,24571.13
1/3/11,4.4575,23996.14
1/4/11,4.369,23546
1/5/11,4.408,23855
1/6/11,4.3295,23802.6
1/7/11,4.2825,24258.93
1/10/11,4.2645,25113.85
1/11/11,4.349,24714.17
1/12/11,4.4115,24528
1/13/11,4.377,24174
1/14/11,4.412,23845.86
1/18/11,4.428,24670.83
1/19/11,4.37,25776
1/20/11,4.272,25528.61
1/21/11,4.309,25852.64
1/24/11,4.3485,25814.39
1/25/11,4.226,26081.52
1/26/11,4.267,25646.65
1/27/11,4.3385,25746.09
1/28/11,4.373,26139.45
1/31/11,4.4585,26129.81
2/1/11,4.547,25876
2/2/11,4.544,26472.95
2/3/11,4.5445,26465.25
2/4/11,4.5795,26589.6
2/7/11,4.575,27327.21
2/8/11,4.574,27972.08
2/9/11,4.524,27981.33
2/10/11,4.5435,27931.67
2/11/11,4.536,28350
2/14/11,4.6285,28292
2/15/11,4.536,28365.83
2/16/11,4.47,28357
2/17/11,4.484,27830.29
2/18/11,4.482,28276.79
2/22/11,4.347,28870.36
2/23/11,4.2787,28719.04
2/24/11,4.3333,28544.31
2/25/11,4.4474,28463.45
2/28/11,4.4928,29123.45
3/1/11,4.5095,29282.19
3/2/11,4.498,28628.25
3/3/11,4.49,28659.58
3/4/11,4.4855,27479.5
3/7/11,4.327,28170
3/8/11,4.3385,28972
3/9/11,4.2125,28755.56
3/10/11,4.1975,28578.11
3/11/11,4.2075,28835.67
3/14/11,4.1865,28773.25
3/15/11,4.137,27444.86
3/16/11,4.1975,26795.33
3/17/11,4.344,26122
3/18/11,4.339,26022.51
3/21/11,4.286,25924.57
3/23/11,4.4285,25802.86
3/24/11,4.4245,24687.5
3/25/11,4.419,24949.42
3/28/11,4.35,25925.05
3/29/11,4.3465,26750.03
3/30/11,4.274,26743.68
3/31/11,4.3075,26342.78
4/1/11,4.2585,26818.29
4/4/11,4.255,27192.7
4/5/11,4.2645,27042.27
4/6/11,4.37,26209.1
4/7/11,4.4165,26585.25
4/8/11,4.5015,26012.16
4/12/11,4.3835,26077.06
4/13/11,4.2945,25576.9
4/14/11,4.284,25479.57
4/15/11,4.2575,25384.85
4/18/11,4.198,26434.75
4/19/11,4.2295,26801.67
4/20/11,4.3395,27595.5
4/21/11,4.4,27703.57
4/25/11,4.303,26689.33
4/26/11,4.3231,26255
4/27/11,4.2354,25797
4/28/11,4.2549,26152
4/29/11,4.1763,25495
5/2/11,4.196,25289.67
5/3/11,4.253,26380.23
5/4/11,4.134,26880.24
5/5/11,3.998,26631
5/6/11,3.9755,26609.6
5/9/11,4.0165,26836.57
5/10/11,4.042,27291.92
5/11/11,3.9135,25811.67
5/12/11,3.9705,24511
5/13/11,3.9835,24590.75
5/16/11,3.9905,24362.71
5/17/11,3.9985,24848
5/18/11,4.105,24549
5/19/11,4.0525,24549.07
5/20/11,4.1215,24398.07
5/23/11,3.9915,24356
5/24/11,4.013,24144.22
5/25/11,4.107,24668.43
5/26/11,4.111,23545.65
5/27/11,4.186,23525.73
5/31/11,4.1775,22379.43
6/1/11,4.1065,22886
6/2/11,4.0845,23401
6/3/11,4.1345,22821.45
6/6/11,4.142,23081.07
6/7/11,4.1495,23587.38
6/8/11,4.1085,23241.42
6/9/11,4.1075,22563.33
6/10/11,4.056,22786.33
6/13/11,4.0345,22615.8
6/14/11,4.155,22605.65
6/15/11,4.122,22686
6/16/11,4.1175,23176.31
6/17/11,4.102,22821.4
6/20/11,4.0735,22246
6/21/11,4.0885,22285.06
6/22/11,4.088,22000.55
6/23/11,4.039,21569.2
6/24/11,4.0985,21593.83
6/27/11,4.0547,21619.14
6/28/11,4.0984,21852.22
6/29/11,4.2182,22124.31
6/30/11,4.2804,22100.43
7/1/11,4.3025,22125.91
7/5/11,4.3475,22179.14
7/6/11,4.335,22660.17
7/7/11,4.442,23053
7/8/11,4.412,23396.07
7/11/11,4.368,22967.07
7/12/11,4.3915,23140.86
7/13/11,4.4035,23272.08
7/14/11,4.38,23348.92
7/15/11,4.413,23870
7/18/11,4.403,23857.25
7/19/11,4.468,23190.57
7/20/11,4.436,23612.17
7/21/11,4.3835,23943
7/22/11,4.41,24178.36
7/25/11,4.4065,24127.39
7/26/11,4.478,23764.5
7/27/11,4.4465,24089.78
7/28/11,4.4695,24007.46
7/29/11,4.4795,23912.09
8/1/11,4.41,23935.36
8/2/11,4.395,23759.33
8/3/11,4.326,24060.25
8/4/11,4.2355,24355.42
8/5/11,4.117,24514.44
8/8/11,3.9615,24955.6
8/9/11,3.97,24513.02
8/10/11,3.8885,24764.85
8/11/11,4.0085,23770.33
8/12/11,4.012,23616
8/15/11,4.032,22469.75
8/16/11,3.994,21212.29
8/17/11,4.032,21166.17
8/18/11,3.966,20927
8/19/11,3.9835,21553.49
8/22/11,3.9555,21354
8/23/11,3.996,21254.24
8/24/11,3.998,21659.35
8/25/11,4.079,21911.42
8/26/11,4.1027,21261.5
8/29/11,4.0972,21165.97
8/30/11,4.1341,20811.21
8/31/11,4.201,20625.22
9/1/11,4.1605,20789.92
9/2/11,4.1245,20812.82
9/6/11,4.056,21414.38
9/7/11,4.132,21866.25
9/8/11,4.1435,22159.37
9/9/11,4.0025,21708.93
9/12/11,3.9655,21458.93
9/13/11,3.97,20854.14
9/14/11,3.898,20636.62
9/15/11,3.957,21748.08
9/16/11,3.9315,22058.67
9/19/11,3.7825,21129.75
9/20/11,3.7255,21588.43
9/21/11,3.764,21289.67
9/22/11,3.4885,21364
9/23/11,3.28,21785.14
9/26/11,3.283,21486.21
9/27/11,3.4395,20946.79
9/28/11,3.2465,21192.85
9/29/11,3.246,20375.73
9/30/11,3.152,18856.3
10/3/11,3.1505,18255.82
10/4/11,3.1035,17981.38
10/5/11,3.106,18930.5
10/6/11,3.2465,18477.63
10/7/11,3.2735,18641.5
10/10/11,3.368,17570.8
10/11/11,3.2905,18996.14
10/12/11,3.3935,18720.92
10/13/11,3.307,18369.67
10/14/11,3.4085,18918.13
10/17/11,3.378,18874.13
10/18/11,3.36,19347.14
10/19/11,3.258,18838.5
10/20/11,3.0575,19043
10/21/11,3.223,18417.36
10/24/11,3.449,18842.8
10/25/11,3.4205,18943.25
10/26/11,3.49,19115.67
10/27/11,3.692,18765.73
10/28/11,3.706,17970.04
10/31/11,3.632,18771.73
11/1/11,3.5025,19969.14
11/2/11,3.581,19724.08
11/3/11,3.5885,19105.79
11/4/11,3.5645,19880.75
11/7/11,3.5355,19681
11/8/11,3.533,19556.58
11/9/11,3.441,18576.92
11/10/11,3.374,18559.08
11/11/11,3.4635,18403
11/14/11,3.488,18885.25
11/15/11,3.5015,18685.71
11/16/11,3.4845,18330.83
11/17/11,3.3825,18031
11/18/11,3.402,18079
11/21/11,3.303,18069.61
11/22/11,3.333,17801.53
11/23/11,3.279,17544.67
11/25/11,3.2716,18174.86
11/28/11,3.3625,18169
11/29/11,3.3802,17665
11/30/11,3.5674,17814.33
12/1/11,3.5275,17558
12/2/11,3.5775,17025.6
12/5/11,3.6085,17074.75
12/6/11,3.5685,16956.67
12/7/11,3.549,18436.29
12/8/11,3.493,18307.17
12/9/11,3.5505,17405
12/12/11,3.458,17907.14
12/13/11,3.436,18558.64
12/14/11,3.275,18373.75
12/15/11,3.263,18843.89
12/16/11,3.3265,18943.62
12/19/11,3.3035,18662.5
12/20/11,3.3645,18630
12/21/11,3.3895,17891.53
12/22/11,3.41,18182.07
12/23/11,3.4645,18724.5
12/27/11,3.4058,18912.69
12/28/11,3.3631,18805.92
12/29/11,3.3682,18688
12/30/11,3.4351,18752.25
1/3/12,3.5285,19092.43
1/4/12,3.4345,19488.33
1/5/12,3.4265,19427
1/6/12,3.435,19641
1/9/12,3.416,19561.43
1/10/12,3.513,19379.29
1/11/12,3.546,19473.56
1/12/12,3.649,19444.81
1/13/12,3.637,20152
1/17/12,3.7295,20407.43
1/18/12,3.7525,20266.48
1/19/12,3.8005,20581.17
1/20/12,3.745,20882.05
1/23/12,3.7985,21539.88
1/24/12,3.8075,21638.8
1/25/12,3.8295,21245.14
1/26/12,3.9015,20780.92
1/27/12,3.889,20895.67
1/30/12,3.8265,20795
1/31/12,3.79,21221.5
2/1/12,3.842,21610.43
2/2/12,3.781,21712.67
2/3/12,3.9015,21405
2/6/12,3.8645,21428.11
2/7/12,3.876,20610.11
2/8/12,3.9095,20459.09
2/9/12,3.9785,20062.09
2/10/12,3.862,19988.64
2/13/12,3.8395,19755
2/14/12,3.8145,19539.1
2/15/12,3.8015,19669.83
2/16/12,3.791,20146.8
2/17/12,3.708,20019.25
2/21/12,3.8365,19918
2/22/12,3.8335,20094.91
2/23/12,3.806,20071.9
2/24/12,3.8644,19692.9
2/27/12,3.8839,19170
2/28/12,3.9177,19405.19
2/29/12,3.8777,19384.2
3/1/12,3.9315,18979.45
3/2/12,3.903,18652.15
3/5/12,3.8595,18811
3/6/12,3.7375,18709
3/7/12,3.767,19217
3/8/12,3.7915,19173.5
3/9/12,3.8585,19368
3/13/12,3.9025,19497.2
3/14/12,3.848,19300.5
3/15/12,3.8975,18823
3/16/12,3.878,18968.07
3/19/12,3.909,18967.07
3/20/12,3.8305,18723.23
3/21/12,3.8455,18376.96
3/22/12,3.7655,18105.91
3/23/12,3.8085,18072.95
3/26/12,3.8875,17702.95
3/27/12,3.88,17499.23
3/28/12,3.7925,17079.1
3/29/12,3.7965,17754
3/30/12,3.825,18155
4/2/12,3.921,18384.46
4/3/12,3.919,17785.88
4/4/12,3.7905,17865
4/5/12,3.7955,18102.83
4/9/12,3.72,18034.4
4/10/12,3.65,18635.25
4/11/12,3.6395,18247
4/12/12,3.7205,17434.89
4/13/12,3.627,17751.93
4/16/12,3.628,17577.88
4/17/12,3.647,17527
4/18/12,3.631,17728.14
4/19/12,3.6275,17471.1
4/20/12,3.698,17329.1
4/23/12,3.626,17524.32
4/24/12,3.6725,18123.13
4/25/12,3.7015,18023.2
4/26/12,3.7696,17818.21
4/27/12,3.823,17629.23
4/30/12,3.8303,17211
5/1/12,3.8435,17212
5/2/12,3.787,17370
5/3/12,3.736,17298.83
5/4/12,3.721,17139
5/7/12,3.7735,17122
5/8/12,3.6775,17159
5/9/12,3.6595,16825.57
5/10/12,3.6905,16938.66
5/11/12,3.648,16944.14
5/14/12,3.554,17130.72
5/15/12,3.5175,16760.83
5/16/12,3.478,17119.83
5/17/12,3.479,16833.86
5/18/12,3.4685,16690.43
5/21/12,3.502,16915
5/22/12,3.487,16980.94
5/23/12,3.396,16929
5/24/12,3.4285,16477
5/25/12,3.448,16229
5/29/12,3.462,16160
5/30/12,3.39,16025
5/31/12,3.3655,16030.57
6/1/12,3.3135,16525.75
6/4/12,3.307,16861.67
6/5/12,3.289,17240.25
6/6/12,3.379,17119
6/7/12,3.3705,16923.8
6/8/12,3.285,16579.5
6/11/12,3.343,16791
6/12/12,3.3355,16586.56
6/13/12,3.3395,17025.5
6/14/12,3.3545,17138.52
6/15/12,3.3835,16396.57
6/18/12,3.3955,16528.55
6/19/12,3.4335,16372.57
6/20/12,3.3875,16253.55
6/21/12,3.298,16212.58
6/22/12,3.306,16174.56
6/25/12,3.316,16695.2
6/26/12,3.3145,16575
6/27/12,3.3523,17268.54
6/28/12,3.3293,16904
6/29/12,3.4952,16667.67
7/2/12,3.469,16110.88
7/3/12,3.54,16354.86
7/5/12,3.493,15998.83
7/6/12,3.4095,16044.4
7/9/12,3.4315,15722
7/10/12,3.398,16108
7/11/12,3.4475,16168.71
7/12/12,3.415,16042.7
7/13/12,3.504,16047.73
7/16/12,3.485,16008.52
7/17/12,3.4555,15904.5
7/18/12,3.474,15563.5
7/19/12,3.5345,15710.35
7/20/12,3.448,15826.58
7/23/12,3.38,15825.56
7/24/12,3.353,15829.67
7/25/12,3.3745,16197.64
7/26/12,3.3935,15807.69
7/27/12,3.426,15494
7/30/12,3.416,15190.78
7/31/12,3.4175,15553.75
8/1/12,3.375,15748.71
8/2/12,3.2905,15694.67
8/3/12,3.3675,15686.8
8/6/12,3.389,15439
8/7/12,3.4405,15338
8/8/12,3.4215,15312.6
8/9/12,3.425,15406.68
8/10/12,3.3925,15236.36
8/13/12,3.3535,15462.77
8/14/12,3.359,15566.76
8/15/12,3.3495,15487.75
8/16/12,3.3825,15764.74
8/17/12,3.4195,16025.77
8/20/12,3.371,16424.73
8/21/12,3.453,16430
8/22/12,3.4545,16193.8
8/23/12,3.4925,16243.96
8/24/12,3.4835,16280
8/27/12,3.4765,15897.8
8/28/12,3.4638,16164.55
8/29/12,3.4451,15893.31
8/30/12,3.4444,16044.94
8/31/12,3.4564,16002.56
9/4/12,3.469,16442.31
9/5/12,3.529,16718.86
9/6/12,3.5165,16773.83
9/7/12,3.645,16603.4
9/10/12,3.6885,16704.25
9/11/12,3.697,17740
9/12/12,3.6925,18182.5
9/13/12,3.71,17781.75
9/14/12,3.8325,17718.04
9/17/12,3.792,17855.09
9/18/12,3.787,18136.59
9/19/12,3.814,17930.57
9/20/12,3.759,18351.08
9/21/12,3.789,18005.89
9/24/12,3.7315,18299.75
9/25/12,3.7585,18426.87
9/26/12,3.71,18673.86
9/27/12,3.744,18394.85
9/28/12,3.758,18469.67
10/1/12,3.7855,18650
10/2/12,3.801,18243.88
10/3/12,3.784,18014.86
10/4/12,3.786,17867.83
10/5/12,3.778,17613.4
10/9/12,3.718,17663
10/10/12,3.718,17016
10/11/12,3.7515,17026.66
10/12/12,3.703,16859.68
10/15/12,3.7015,17112
10/16/12,3.7,17251.67
10/17/12,3.748,16885.17
10/18/12,3.743,16521.68
10/19/12,3.6375,16287.67
10/22/12,3.622,16337.96
10/23/12,3.5695,16071.7
10/24/12,3.568,15942.2
10/25/12,3.5505,15905.71
10/26/12,3.55,15990.7
10/29/12,3.4945,16137.21
10/30/12,3.506,16249.75
10/31/12,3.5175,15928.8
11/1/12,3.552,15852.79
11/2/12,3.4815,16025.77
11/5/12,3.47,15949
11/6/12,3.506,15960
11/7/12,3.4415,15907.75
11/8/12,3.4695,16036.71
11/9/12,3.4455,16011.67
11/12/12,3.468,16115.8
11/13/12,3.471,15858.5
11/14/12,3.4535,15903
11/15/12,3.4625,16411.71
11/16/12,3.4515,16335
11/19/12,3.5275,16642.76
11/20/12,3.5165,16501.91
11/21/12,3.496,16563.95
11/23/12,3.528,16399.4
11/26/12,3.5365,16899.8
11/27/12,3.5382,16932.37
11/28/12,3.5273,16949.88
11/29/12,3.5942,17598.93
11/30/12,3.6383,17440.5
12/3/12,3.648,17446
12/4/12,3.6435,17493
12/5/12,3.675,17141
12/6/12,3.635,17166
12/7/12,3.6535,17715
12/10/12,3.6965,17735
12/11/12,3.6765,17635
12/12/12,3.7065,17637
12/13/12,3.65,17810.5
12/14/12,3.672,17538
12/17/12,3.6545,17732
12/18/12,3.642,17675
12/19/12,3.5945,17502
12/20/12,3.525,17282
12/21/12,3.556,17015
12/24/12,3.534,17217
12/26/12,3.5863,17141
12/27/12,3.5944,17085
12/28/12,3.5847,17646.25
12/31/12,3.6502,17446.67
1/2/13,3.736,17294.63
1/3/13,3.717,17145.86
1/4/13,3.6935,17261.83
1/7/13,3.678,17490.9
1/8/13,3.672,17344.5
1/9/13,3.6705,17524.5
1/10/13,3.709,17191.5
1/11/13,3.654,17438
1/14/13,3.634,17340.06
1/15/13,3.6375,17385
1/16/13,3.6065,17493
1/17/13,3.662,17339.75
1/18/13,3.679,17314
1/22/13,3.705,17485.57
1/23/13,3.6845,17331.78
1/24/13,3.6765,17323.77
1/25/13,3.652,17568.76
1/28/13,3.6615,17794.38
1/29/13,3.6915,18311.68
1/30/13,3.75,18268.88
1/31/13,3.732,18564.93
2/1/13,3.7845,18662.93
2/4/13,3.7685,18636.92
2/5/13,3.77,18260.75
2/6/13,3.7405,18107.44
2/7/13,3.727,18252
2/8/13,3.7595,18096
2/11/13,3.7225,18298
2/12/13,3.744,18309
2/13/13,3.7425,18290
2/14/13,3.7375,18313.5
2/15/13,3.737,17789.75
2/19/13,3.6495,17322.74
2/20/13,3.608,17106.08
2/21/13,3.553,16571.61
2/22/13,3.533,16916.11
2/25/13,3.5466,16644.57
2/26/13,3.5731,16583.75
2/27/13,3.5582,16663.74
2/28/13,3.5435,16539.56
3/1/13,3.501,16543.53
3/4/13,3.5015,16412.57
3/5/13,3.515,16643.75
3/6/13,3.493,16464.75
3/7/13,3.5205,16586.56
3/8/13,3.509,16672.5
3/11/13,3.517,16831.43
3/12/13,3.5545,16966.5
3/13/13,3.525,16882
3/14/13,3.5365,17158.5
3/15/13,3.5205,16835
3/18/13,3.428,16535.86
3/19/13,3.4055,16467.85
3/20/13,3.4465,16752
3/21/13,3.435,16828.5
3/22/13,3.466,17085
3/25/13,3.445,16903.6
3/26/13,3.4425,16713.75
3/27/13,3.4435,16783.47
3/28/13,3.402,16540
4/1/13,3.3745,16307.92
4/2/13,3.3785,16035.63
4/3/13,3.333,16026.39
4/4/13,3.3515,15877.5
4/5/13,3.344,15977.5
4/8/13,3.371,16133.5
4/9/13,3.4415,15982
4/10/13,3.418,16201
4/11/13,3.4335,15784
4/12/13,3.35,15625.79
4/15/13,3.273,15633.78
4/16/13,3.3055,15356.31
4/17/13,3.1875,15482.28
4/18/13,3.2045,15099.82
4/19/13,3.1485,15227.81
4/22/13,3.131,15058.3
4/23/13,3.093,15201.37
4/24/13,3.157,15344.81
4/25/13,3.2381,15133.87
4/26/13,3.1851,15431.86
4/29/13,3.2261,15319.35
4/30/13,3.1875,14755.17
5/1/13,3.08,14609.75
5/2/13,3.1045,14910
5/3/13,3.3145,15125.25
5/6/13,3.3105,15336.4
5/7/13,3.3025,15215.75
5/8/13,3.3705,15291.5
5/9/13,3.3405,15209.4
5/10/13,3.353,15034.88
5/13/13,3.3595,14832
5/14/13,3.288,14827.8
5/15/13,3.265,14753
5/16/13,3.2945,15043
5/17/13,3.323,15004.58
5/20/13,3.36,15110
5/21/13,3.3435,14874.14
5/22/13,3.3805,14755
5/23/13,3.304,14802.8
5/24/13,3.2955,14744
5/28/13,3.315,14728.31
5/29/13,3.297,14752.93
5/30/13,3.3155,15110.93
5/31/13,3.2925,15226.42
6/3/13,3.3305,15137.63
6/4/13,3.369,15008.56
6/5/13,3.3715,14979
6/6/13,3.319,14821
6/7/13,3.2685,14460.17
6/10/13,3.241,14201.1
6/11/13,3.195,13988
6/12/13,3.2255,14254.5
6/13/13,3.185,14217.3
6/14/13,3.2015,14077.3
6/17/13,3.1975,14128.42
6/18/13,3.155,13628.83
6/19/13,3.141,14006.32
6/20/13,3.062,13562.81
6/21/13,3.0955,13861.75
6/24/13,3.0245,13533.87
6/25/13,3.0732,13783.31
6/26/13,3.0408,13644.3
6/27/13,3.0567,13897.07
6/28/13,3.0561,13980
7/1/13,3.157,13783
7/2/13,3.143,13753.5
7/3/13,3.1745,13233
7/5/13,3.065,13356.71
7/8/13,3.0995,13252.67
7/9/13,3.0645,13579.4
7/10/13,3.091,13563.25
7/11/13,3.1775,13705
7/12/13,3.155,13433.83
7/15/13,3.1445,13699.82
7/16/13,3.1865,13901.45
7/17/13,3.1285,13930.83
7/18/13,3.1315,14094.83
7/19/13,3.14,14001.82
7/22/13,3.185,14061.81
7/23/13,3.198,14302.42
7/24/13,3.179,14099.87
7/25/13,3.1855,13780.36
7/26/13,3.1055,13629.86
7/29/13,3.1075,13449.85
7/30/13,3.042,13804.53
7/31/13,3.1185,13823.34
8/1/13,3.166,13930.33
8/2/13,3.1725,13797.29
8/5/13,3.168,13658.69
8/6/13,3.173,13904.5
8/7/13,3.173,14259.67
8/8/13,3.2705,14610.63
8/9/13,3.3065,14655.07
8/12/13,3.303,14669.08
8/13/13,3.317,14825.8
8/14/13,3.34,14654.5
8/15/13,3.3375,14929.5
8/16/13,3.363,14736.32
8/19/13,3.332,14685.81
8/20/13,3.338,14353.23
8/21/13,3.3065,14359.3
8/22/13,3.33,14345
8/23/13,3.3485,14352.75
8/26/13,3.3195,14107.37
8/27/13,3.3299,14070
8/28/13,3.3053,13725.87
8/29/13,3.2539,13674.86
8/30/13,3.2314,13622.85
9/3/13,3.3045,13606
9/4/13,3.241,13653.28
9/5/13,3.244,13909.75
9/6/13,3.2615,13847.71
9/9/13,3.278,13665.67
9/10/13,3.2625,13753.1
9/11/13,3.257,13714.13
9/12/13,3.21,13810.5
9/13/13,3.2035,13798.86
9/16/13,3.222,13757.87
9/17/13,3.223,13861.54
9/18/13,3.2785,14333.33
9/19/13,3.347,13967.32
9/20/13,3.3205,13879.81
9/23/13,3.2985,13678.75
9/24/13,3.2565,13757.71
9/25/13,3.272,13755.75
9/26/13,3.307,13917.73
9/27/13,3.3295,13885.75
9/30/13,3.323,13675.85
10/1/13,3.274,13676.75
10/2/13,3.316,13449.94
10/3/13,3.2685,13974
10/4/13,3.301,13882
10/7/13,3.2965,13828.5
10/8/13,3.2925,13589.5
10/9/13,3.231,13720
10/10/13,3.2485,13852.5
10/11/13,3.269,13939.57
10/14/13,3.303,13943.35
10/15/13,3.3075,14065.27
10/16/13,3.308,13947.47
10/17/13,3.297,14147.15
10/18/13,3.299,14309.5
10/21/13,3.3035,14511
10/22/13,3.3355,14598.35
10/23/13,3.2675,14525.36
10/24/13,3.2635,14528.43
10/25/13,3.269,14542.45
10/28/13,3.269,14690.74
10/29/13,3.278,14557.5
10/30/13,3.3255,14515.5
10/31/13,3.3005,14306.64
11/1/13,3.2985,14278.77
11/4/13,3.253,14047
11/5/13,3.2585,13950
11/6/13,3.237,13852.88
11/7/13,3.2485,13684.86
11/8/13,3.254,13558.83
11/11/13,3.2595,13604.9
11/12/13,3.234,13579.25
11/13/13,3.1595,13759
11/14/13,3.1605,13518.82
11/15/13,3.171,13559.81
11/18/13,3.1495,13462.42
11/19/13,3.1575,13361.05
11/20/13,3.1595,13493.06
11/21/13,3.1915,13440
11/22/13,3.214,13480
11/25/13,3.2257,13270
11/26/13,3.2156,13270
11/27/13,3.1972,13785
11/29/13,3.2237,14005
12/2/13,3.2025,14005
12/3/13,3.197,14035
12/4/13,3.263,13445
12/5/13,3.2465,13680
12/6/13,3.2625,14270
12/9/13,3.2805,14235
12/10/13,3.2865,14405
12/11/13,3.3175,14475
12/12/13,3.314,14265
12/13/13,3.334,14160
12/16/13,3.3565,14285
12/17/13,3.3475,14185
12/18/13,3.34,14550
12/19/13,3.3175,14830
12/20/13,3.326,15670
12/23/13,3.332,15730
12/24/13,3.398,15910
12/26/13,3.4205,16135
12/27/13,3.406,16225
12/30/13,3.3977,16225
12/31/13,3.4055,15670
1/2/14,3.3815,15770
1/3/14,3.355,15735
1/6/14,3.3595,15780
1/7/14,3.3595,16130
1/8/14,3.3425,16145
1/9/14,3.299,16515
1/10/14,3.3415,16410
1/13/14,3.3465,16410
1/14/14,3.336,17050
1/15/14,3.358,17050
1/16/14,3.3425,17395
1/17/14,3.3445,17280
1/21/14,3.351,17280
1/22/14,3.337,17985
1/23/14,3.2855,18120
1/24/14,3.2715,18430
1/27/14,3.259,18200
1/28/14,3.253,18200
1/29/14,3.2405,19390
1/30/14,3.2265,19390
1/31/14,3.197,20850
2/3/14,3.1835,21200
2/4/14,3.192,21200
2/5/14,3.1885,19155
2/6/14,3.229,19680
2/7/14,3.236,19650
2/10/14,3.2245,19515
2/11/14,3.215,18750
2/12/14,3.256,19310
2/13/14,3.25,19005
2/14/14,3.2645,19005
2/18/14,3.2855,18465
2/19/14,3.2855,18760
2/20/14,3.279,18455
2/21/14,3.291,18350
2/24/14,3.27,18030
2/25/14,3.2522,17950
2/26/14,3.2329,18460
2/27/14,3.2152,18350
2/28/14,3.1977,18420
3/3/14,3.172,18420
3/4/14,3.2145,18280
3/6/14,3.218,18625
3/7/14,3.0825,18765
3/10/14,3.0315,18715
3/11/14,2.952,18850
3/12/14,2.962,19080
3/13/14,2.923,19385
3/14/14,2.9505,19180
3/17/14,2.952,19065
3/18/14,2.9515,19260
3/19/14,2.987,19260
3/20/14,2.9285,19080
3/21/14,2.9505,19080
3/24/14,2.9455,18505
3/25/14,3.0055,18925
3/26/14,2.9655,18960
3/27/14,2.993,19080
3/28/14,3.0415,19160
3/31/14,3.0255,18800
4/1/14,3.0345,18280
4/2/14,3.0455,18375
4/3/14,3.027,18490
4/4/14,3.0225,18620
4/7/14,3.0395,18495
4/8/14,3.051,18495
4/9/14,3.037,18535
4/10/14,3.045,18535
4/11/14,3.0415,18550
4/14/14,3.0475,18780
4/15/14,2.9875,18625
4/16/14,3.0255,18625
4/17/14,3.045,18635
4/21/14,3.043,18650
4/22/14,3.0535,18660
4/23/14,3.059,18820
4/24/14,3.1205,19385
4/25/14,3.1182,19740
4/28/14,3.1032,19360
4/29/14,3.0728,18550
4/30/14,3.0279,18460
5/1/14,3.0215,18460
5/2/14,3.07,17920
5/5/14,3.0535,17885
5/6/14,3.057,17755
5/7/14,3.0325,17075
5/8/14,3.0625,17075
5/9/14,3.083,17135
5/12/14,3.1495,17210
5/13/14,3.1355,17280
5/14/14,3.16,16510
5/15/14,3.1445,16505
5/16/14,3.147,15855
5/19/14,3.167,16050
5/20/14,3.145,16270
5/21/14,3.123,16485
5/22/14,3.142,16750
5/23/14,3.1675,16700
5/27/14,3.1775,16700
5/28/14,3.1735,16310
5/29/14,3.1445,16390
5/30/14,3.1235,16180
6/2/14,3.1705,16180
6/3/14,3.137,15315
6/4/14,3.093,15505
6/5/14,3.0905,15315
6/6/14,3.051,15225
6/9/14,3.0435,15220
6/10/14,3.053,14950
6/11/14,3.0405,14950
6/12/14,3.0155,14650
6/13/14,3.0295,14650
6/16/14,3.05,15055
6/17/14,3.061,15585
6/18/14,3.06,15325
6/19/14,3.0785,15815
6/20/14,3.1215,15155
6/23/14,3.1495,14980
6/24/14,3.151,15255
6/25/14,3.1668,15255
6/26/14,3.1681,15070
6/27/14,3.1604,15090
6/30/14,3.2004,15535
7/1/14,3.204,15520
7/2/14,3.265,15320
7/3/14,3.2795,15320
7/7/14,3.261,15600
7/8/14,3.257,15850
7/9/14,3.248,15850
7/10/14,3.267,16175
7/11/14,3.269,16450
7/14/14,3.249,16455
7/15/14,3.2495,16230
7/16/14,3.2145,16325
7/17/14,3.2205,16090
7/18/14,3.1845,16090
7/21/14,3.199,16205
7/22/14,3.208,16175
7/23/14,3.207,16780
7/24/14,3.2665,16780
7/25/14,3.2405,16555
7/28/14,3.2435,16255
7/29/14,3.219,16425
7/30/14,3.2415,16150
7/31/14,3.231,16335
8/1/14,3.2145,16660
8/4/14,3.244,16098
8/5/14,3.2045,15430
8/6/14,3.166,15505
8/7/14,3.176,15350
8/8/14,3.1735,15350
8/11/14,3.1745,15380
8/12/14,3.1545,15275
8/13/14,3.112,15110
8/14/14,3.091,15110
8/15/14,3.103,14855
8/18/14,3.109,14935
8/19/14,3.0885,14880
8/20/14,3.177,15285
8/21/14,3.176,15455
8/22/14,3.2045,15455
8/25/14,3.218,15330
8/26/14,3.1913,14955
8/27/14,3.1862,14955
8/28/14,3.1409,14250
8/29/14,3.1554,14250
9/2/14,3.155,14360
9/3/14,3.127,14400
9/4/14,3.151,14400
9/5/14,3.1695,14540
9/8/14,3.1685,14770
9/9/14,3.102,14720
9/10/14,3.1105,14405
9/11/14,3.0925,14375
9/12/14,3.1065,14675
9/15/14,3.0855,14930
9/16/14,3.166,14705
9/17/14,3.1435,15050
9/18/14,3.094,15375
9/19/14,3.0915,15375
9/22/14,3.0385,14930
9/23/14,3.035,14965
9/24/14,3.0535,14965
9/25/14,3.03,15050
9/26/14,3.0355,14710
9/29/14,3.0565,14605
9/30/14,3.0075,14745
10/1/14,3.036,14430
10/2/14,2.9985,14215
10/3/14,2.9985,14125
10/6/14,3.0355,14125
10/7/14,3.039,13950
10/8/14,3.0035,13915
10/9/14,3.03,13915
10/10/14,3.035,14250
10/13/14,3.0405,14400
10/14/14,3.09,14400
10/15/14,3.009,14045
10/16/14,2.9815,13885
10/17/14,3.0035,13600
10/20/14,2.988,14055
10/21/14,3.028,14085
10/22/14,3.0175,14085
10/23/14,3.04,14415
10/24/14,3.041,14075
10/27/14,3.064,13975
10/28/14,3.093,13825
10/29/14,3.1045,13850
10/30/14,3.0625,13805
10/31/14,3.047,13560
11/3/14,3.065,13575
11/4/14,3.0185,13955
11/5/14,3.0075,14200
11/6/14,3.0175,14200
11/7/14,3.0385,13680
11/10/14,3.02,13615
11/11/14,3.033,13615
11/12/14,3.025,13045
11/13/14,2.9945,13045
11/14/14,3.0465,12460
11/17/14,3.0395,12330
11/18/14,3.002,12930
11/19/14,3.045,12725
11/20/14,3.0195,12545
11/21/14,3.0315,12545
11/24/14,3.0016,12520
11/25/14,2.9636,12520
11/26/14,2.9636,12260
11/28/14,2.8608,12515
12/1/14,2.9205,12890
12/2/14,2.909,12730
12/3/14,2.887,12370
12/4/14,2.9265,12625
12/5/14,2.9175,12545
12/8/14,2.9025,12545
12/9/14,2.9395,12860
12/10/14,2.9075,13230
12/11/14,2.936,13285
12/12/14,2.945,13860
12/15/14,2.8925,13760
12/16/14,2.8725,13760
12/17/14,2.8825,14415
12/18/14,2.867,14415
12/19/14,2.902,13915
12/22/14,2.9,14285
12/23/14,2.895,14120
12/24/14,2.8703,14040
12/26/14,2.8266,13830
12/29/14,2.8292,13655
12/31/14,2.8281,13685
1/2/15,2.8175,13390
1/5/15,2.766,12830
1/6/15,2.767,13015
1/7/15,2.7585,13015
1/8/15,2.7695,12650
1/9/15,2.7545,12650
1/12/15,2.7255,12840
1/13/15,2.644,12675
1/14/15,2.5055,12675
1/15/15,2.558,12540
1/16/15,2.617,12940
1/20/15,2.594,12940
1/21/15,2.6125,12840
1/22/15,2.5785,12865
1/23/15,2.5015,13095
1/26/15,2.543,13575
1/27/15,2.4625,13465
1/29/15,2.4515,13065
1/30/15,2.4945,12735
2/2/15,2.49,12735
2/3/15,2.5815,12850
2/4/15,2.591,12860
2/5/15,2.595,12600
2/6/15,2.5855,12600
2/9/15,2.5805,12590
2/10/15,2.5515,12780
2/11/15,2.541,12780
2/12/15,2.602,12495
2/13/15,2.605,11715
2/17/15,2.5815,11680
2/18/15,2.6145,11905
2/19/15,2.62,12060
2/20/15,2.5945,12060
2/23/15,2.5925,11560
2/24/15,2.6463,11560
2/25/15,2.6555,10900
2/26/15,2.7023,11290
2/27/15,2.6964,11275
3/2/15,2.6975,11455
3/3/15,2.6565,11385
3/4/15,2.6595,11735
3/5/15,2.6525,11420
3/6/15,2.609,11425
3/9/15,2.6705,11470
3/10/15,2.624,11775
3/11/15,2.606,11545
3/12/15,2.6585,11240
3/13/15,2.6635,11175
3/16/15,2.6675,10925
3/17/15,2.633,11180
3/18/15,2.5705,11110
3/19/15,2.66,10925
3/20/15,2.761,10925
3/23/15,2.7895,10925
3/24/15,2.803,10835
3/25/15,2.792,10790
3/26/15,2.811,10820
3/27/15,2.7675,10800
3/30/15,2.7815,10935
3/31/15,2.74,10700
4/1/15,2.7485,10460
4/2/15,2.734,10460
4/6/15,2.717,10500
4/7/15,2.763,10560
4/8/15,2.7315,10305
4/9/15,2.729,10330
4/10/15,2.734,10330
4/13/15,2.719,10390
4/14/15,2.7,10110
4/15/15,2.7125,9305
4/16/15,2.774,9475
4/17/15,2.774,9730
4/20/15,2.7325,9835
4/21/15,2.702,9940
4/22/15,2.6655,9745
4/23/15,2.694,10025
4/24/15,2.748,9785
4/27/15,2.7714,9810
4/28/15,2.7826,9850
4/29/15,2.7974,10065
4/30/15,2.8865,10065
5/1/15,2.9295,10190
5/4/15,2.9205,10190
5/5/15,2.935,9850
5/6/15,2.926,10110
5/7/15,2.918,9890
5/8/15,2.9205,9760
5/11/15,2.903,9705
5/12/15,2.9315,9680
5/13/15,2.929,9810
5/14/15,2.9235,9715
5/15/15,2.9245,9820
5/18/15,2.9065,9840
5/19/15,2.8375,9840
5/20/15,2.829,10070
5/21/15,2.8485,10390
5/22/15,2.811,9930
5/26/15,2.778,9935
5/27/15,2.7685,9910
5/28/15,2.7675,10220
5/29/15,2.728,10070
6/1/15,2.72,10710
6/2/15,2.736,10635
6/3/15,2.7265,10400
6/4/15,2.687,10375
6/5/15,2.6925,10575
6/8/15,2.6965,10460
6/9/15,2.714,10415
6/10/15,2.747,10280
6/11/15,2.669,10320
6/12/15,2.678,10320
6/15/15,2.647,10600
6/16/15,2.6155,10600
6/17/15,2.604,10465
6/18/15,2.606,10485
6/19/15,2.569,10475
6/22/15,2.567,10135
6/23/15,2.613,10135
6/24/15,2.6245,9995
6/25/15,2.6223,9970
6/26/15,2.6409,9690
6/29/15,2.6355,9725
6/30/15,2.6167,9600
7/1/15,2.6305,9495
7/2/15,2.631,9450
7/6/15,2.538,9370
7/7/15,2.4465,9365
7/8/15,2.497,9405
7/9/15,2.5515,9165
7/10/15,2.5375,8955
7/13/15,2.5445,8885
7/14/15,2.535,8900
7/15/15,2.5215,8160
7/16/15,2.523,8425
7/17/15,2.496,8650
7/20/15,2.4815,9120
7/21/15,2.4745,8765
7/22/15,2.428,8735
7/23/15,2.3855,8735
7/24/15,2.3825,8840
7/27/15,2.3535,8760
7/28/15,2.4025,9025
7/29/15,2.4075,9025
7/30/15,2.377,8580
7/31/15,2.3635,8725
8/3/15,2.346,8530
8/4/15,2.362,8655
8/5/15,2.3485,8565
8/6/15,2.341,8650
8/7/15,2.3325,8675
8/10/15,2.4,8605
8/11/15,2.3315,8655
8/12/15,2.35,8710
8/13/15,2.353,8710
8/14/15,2.3515,8700
8/17/15,2.321,8590
8/18/15,2.287,8560
8/19/15,2.276,8610
8/20/15,2.3195,8732
8/21/15,2.3035,8515
8/24/15,2.259,8620
8/25/15,2.3135,8480
8/26/15,2.2454,8315
8/27/15,2.3318,8315
8/28/15,2.3462,8310
8/31/15,2.3376,8180
9/1/15,2.3015,8260
9/2/15,2.3295,8350
9/3/15,2.3845,8380
9/4/15,2.312,8500
9/8/15,2.434,8680
9/9/15,2.4365,8565
9/10/15,2.447,8505
9/11/15,2.4535,8505
9/14/15,2.4055,8725
9/15/15,2.4265,8545
9/16/15,2.452,8545
9/17/15,2.452,8570
9/18/15,2.386,8545
9/21/15,2.3885,8450
9/22/15,2.2975,8460
9/23/15,2.2955,8440
9/24/15,2.3025,8545
9/25/15,2.2835,8485
9/28/15,2.2515,8055
9/29/15,2.2515,8100
9/30/15,2.341,8040
10/1/15,2.3045,8040
10/2/15,2.3255,7720
10/5/15,2.3555,8120
10/6/15,2.355,8120
10/7/15,2.367,8240
10/8/15,2.343,8305
10/9/15,2.414,8340
10/12/15,2.4155,8695
10/13/15,2.3875,8675
10/14/15,2.4155,8520
10/15/15,2.423,8520
10/16/15,2.4035,8410
10/19/15,2.3675,8420
10/20/15,2.3655,8420
10/21/15,2.3605,8760
10/22/15,2.3835,8785
10/23/15,2.35,9050
10/26/15,2.357,9375
10/27/15,2.362,9040
10/28/15,2.3625,8785
10/29/15,2.321,8735
10/30/15,2.3175,8770
11/2/15,2.319,8705
11/3/15,2.3305,8535
11/4/15,2.3225,8535
11/5/15,2.255,8645
11/6/15,2.242,8855
11/9/15,2.23,8615
11/10/15,2.2175,8855
11/11/15,2.218,8625
11/12/15,2.1725,8625
11/13/15,2.168,8575
11/16/15,2.1155,8425
11/17/15,2.104,8280
11/18/15,2.078,8380
11/19/15,2.0765,8380
11/20/15,2.055,8275
11/23/15,2.021,8470
11/24/15,2.056,8460
11/25/15,2.0478,8405
11/27/15,2.0529,8555
11/30/15,2.0457,8655
12/1/15,2.0695,8920
12/2/15,2.0315,8880
12/3/15,2.0595,8885
12/4/15,2.076,8950
12/7/15,2.047,8950
12/8/15,2.05,9215
12/9/15,2.062,9430
12/10/15,2.0685,9130
12/11/15,2.1125,9130
12/14/15,2.1065,9060
12/15/15,2.052,9200
12/16/15,2.066,9150
12/17/15,2.0385,9460
12/18/15,2.108,9460
12/21/15,2.1335,9390
12/22/15,2.1015,9300
12/23/15,2.116,8960
12/24/15,2.1155,8730
12/28/15,2.0718,8635
12/29/15,2.1308,8635
12/30/15,2.1427,8775
12/31/15,2.1331,8585
1/4/16,2.0795,8640
1/5/16,2.0955,8630
1/6/16,2.088,8640
1/7/16,2.022,8490
1/8/16,2.022,8490
1/11/16,1.9725,8310
1/12/16,1.959,8340
1/13/16,1.956,8340
1/14/16,1.976,8375
1/15/16,1.9435,8375
1/19/16,1.9775,8375
1/20/16,1.9595,8465
1/21/16,1.9965,8365
1/22/16,2.0025,8510
1/25/16,1.998,8625
1/26/16,2.0375,8565
1/27/16,2.064,8825
1/28/16,2.0515,8950
1/29/16,2.067,8950
2/1/16,2.0555,8825
2/2/16,2.055,8805
2/3/16,2.095,9070
2/4/16,2.1315,9070
2/5/16,2.103,9050
2/8/16,2.0905,9210
2/9/16,2.0395,9210
2/10/16,2.027,9230
2/11/16,2.0065,9180
2/12/16,2.029,8900
2/16/16,2.051,8960
2/17/16,2.0755,9135
2/18/16,2.0735,9280
2/19/16,2.0765,9415
2/22/16,2.115,9535
2/23/16,2.1055,10300
2/24/16,2.097,10085
2/25/16,2.0691,9675
2/26/16,2.1222,9810
2/29/16,2.1317,9740
3/1/16,2.1455,10090
3/2/16,2.181,10090
3/3/16,2.2085,10290
3/4/16,2.2745,10370
3/7/16,2.2835,10360
3/8/16,2.222,10310
3/9/16,2.2325,10555
3/10/16,2.22,10555
3/11/16,2.241,10445
3/14/16,2.2395,10655
3/15/16,2.2335,10440
3/16/16,2.234,10315
3/17/16,2.2925,10360
3/18/16,2.2825,10535
3/21/16,2.2925,10445
3/22/16,2.2895,10705
3/23/16,2.2355,10795
3/24/16,2.229,10650
3/28/16,2.246,10440
3/29/16,2.214,10676
3/30/16,2.19,10726.5
3/31/16,2.183,10734.5
4/1/16,2.163,10815
4/4/16,2.1405,10690.5
4/5/16,2.138,10260.75
4/6/16,2.1435,10445
4/7/16,2.0765,10208.5
4/8/16,2.087,10169.5
4/11/16,2.0905,10155
4/12/16,2.147,10307
4/13/16,2.168,10220
4/14/16,2.171,10240
4/15/16,2.153,9940.5
4/18/16,2.1645,9791.75
4/19/16,2.2235,9795
4/20/16,2.238,9775.25
4/21/16,2.251,9707.5
4/22/16,2.2645,9725
4/25/16,2.2525,10004
4/26/16,2.2429,10015
4/27/16,2.2197,10057.75
4/28/16,2.2287,10161.5
4/29/16,2.2826,10299.5
5/2/16,2.2665,10310
5/3/16,2.219,10033.25
5/4/16,2.1865,9809.25
5/5/16,2.154,9788
5/6/16,2.154,9662.5
5/9/16,2.1065,9745
5/10/16,2.0925,10101.5
5/11/16,2.1035,9920
5/12/16,2.0745,10301
5/13/16,2.074,10615.5
5/16/16,2.089,10545
5/17/16,2.089,10485
5/18/16,2.0785,10585
5/19/16,2.061,10651
5/20/16,2.0555,10390.75
5/23/16,2.055,10528
5/24/16,2.0665,10299.5
5/25/16,2.1015,10190
5/26/16,2.1025,10155
5/27/16,2.114,10204.5
5/31/16,2.0955,10150.25
6/1/16,2.073,10473.5
6/2/16,2.07,10378.5
6/3/16,2.113,10521
6/6/16,2.1175,10575
6/7/16,2.051,10447
6/8/16,2.0615,10251
6/9/16,2.039,10366.75
6/10/16,2.0305,10265.5
6/13/16,2.0535,10086.5
6/14/16,2.0405,9918
6/15/16,2.091,9995
6/16/16,2.048,10020
6/17/16,2.051,10224
6/20/16,2.093,10330
6/21/16,2.116,10265
6/22/16,2.1355,10437
6/23/16,2.1625,10367
6/24/16,2.1105,10548
6/27/16,2.1227,10439.5
6/28/16,2.1725,10418.5
6/29/16,2.185,11088
6/30/16,2.1953,11217.5
7/1/16,2.217,11532.5
7/5/16,2.1835,11495
7/6/16,2.1535,11164.5
7/7/16,2.1235,11215
7/8/16,2.119,11250
7/11/16,2.1475,11284
7/12/16,2.213,11200
7/13/16,2.24,10800.25
7/14/16,2.243,11353.5
7/15/16,2.2335,11325.75
7/18/16,2.237,11553.5
7/19/16,2.263,11533
7/20/16,2.254,11513.5
7/21/16,2.2585,11582.5
7/22/16,2.2355,11027.75
7/25/16,2.217,11195.75
7/26/16,2.2255,11156.5
7/27/16,2.185,11404.75
7/28/16,2.209,11125
7/29/16,2.2215,11566
8/1/16,2.1995,11361.5
8/2/16,2.209,11058
8/3/16,2.1985,11422
8/4/16,2.174,11251.25
8/5/16,2.154,11337
8/8/16,2.165,11367.5
8/9/16,2.15,11249.5
8/10/16,2.171,11119.5
8/11/16,2.191,11130
8/12/16,2.14,10868
8/15/16,2.1515,10980
8/16/16,2.172,10674.25
8/17/16,2.152,10353.75
8/18/16,2.1675,10038.5
8/19/16,2.167,10066.5
8/22/16,2.14,9964
8/23/16,2.115,9854.5
8/24/16,2.0765,10164.5
8/25/16,2.0765,10241
8/26/16,2.0797,10191.25
8/29/16,2.0763,10337.75
8/30/16,2.0735,10562
8/31/16,2.0759,10127
9/1/16,2.0755,10224.25
9/2/16,2.078,10399.5
9/6/16,2.089,10212
9/7/16,2.0975,10111.5
9/8/16,2.1,10175
9/9/16,2.0925,9873.5
9/12/16,2.1,9648.5
9/13/16,2.1015,9655
9/14/16,2.155,9741
9/15/16,2.1595,9765
9/16/16,2.16,9352.5
9/19/16,2.1565,9420.5
9/20/16,2.165,9622.5
9/21/16,2.155,9899.5
9/22/16,2.1945,10193.25
9/23/16,2.201,10341
9/26/16,2.1985,10171
9/27/16,2.171,10396.5
9/28/16,2.1875,10299.75
9/29/16,2.19,10443
9/30/16,2.2105,10232.5
10/3/16,2.192,10614.75
10/4/16,2.167,10680
10/5/16,2.1645,10715
10/6/16,2.1555,10873.5
10/7/16,2.1635,11011.75
10/10/16,2.1975,10993.75
10/11/16,2.1855,11094.25
10/12/16,2.1765,11045
10/13/16,2.122,10753.5
10/14/16,2.1105,10526
10/17/16,2.107,10808.5
10/18/16,2.1055,10993
10/19/16,2.1035,10900
10/20/16,2.096,10974.5
10/21/16,2.0885,10725.25
10/24/16,2.093,10936
10/25/16,2.1385,11039.75
10/26/16,2.1455,10588.75
10/27/16,2.1635,10142
10/28/16,2.1935,10520
10/31/16,2.205,9840
11/1/16,2.229,10113.5
11/2/16,2.2305,10170.5
11/3/16,2.249,10143.5
11/4/16,2.265,10162
11/7/16,2.3095,10290
11/8/16,2.38,10104.25
11/9/16,2.4595,10097
11/10/16,2.551,9955.5
11/11/16,2.509,9967.75
11/14/16,2.521,9807.5
11/15/16,2.505,9703
11/16/16,2.4675,9928
11/17/16,2.491,9740
11/18/16,2.4675,10074
11/21/16,2.515,9962.5
11/22/16,2.5445,9875
11/23/16,2.6075,9914.75
11/25/16,2.669,10230.25
11/28/16,2.6583,10019
11/29/16,2.5992,10123
11/30/16,2.6247,9950
12/1/16,2.635,9782.5
12/2/16,2.6185,9679.5
12/5/16,2.6915,9695.25
12/6/16,2.6745,9255.5
12/7/16,2.6395,9286.25
12/8/16,2.6215,9435
12/9/16,2.643,9295
12/12/16,2.6135,9206.5
12/13/16,2.593,9270.5
12/14/16,2.5995,9179.5
12/15/16,2.595,9288
12/16/16,2.559,9404
12/19/16,2.4935,9463
12/20/16,2.4975,9177
12/21/16,2.4915,8969.5
12/22/16,2.4925,9107.5
12/23/16,2.4725,9107.5
12/27/16,2.5095,9173.5
12/28/16,2.4963,9078.5
12/29/16,2.4844,9291
12/30/16,2.5039,9276
1/3/17,2.489,9177
1/4/17,2.5565,9064.5
1/5/17,2.5375,9166
1/6/17,2.546,9136.5
1/9/17,2.5385,9325
1/10/17,2.6125,9351.5
1/11/17,2.6105,9301.5
1/12/17,2.6715,9057.5
1/13/17,2.69,9000.5
1/17/17,2.625,9040
1/18/17,2.6165,9072
1/19/17,2.6105,8922
1/20/17,2.625,8793
1/23/17,2.6475,8874.25
1/24/17,2.7085,8866.75
1/25/17,2.71,8820
1/26/17,2.673,8800
1/27/17,2.6895,8758.5
1/30/17,2.655,8924
1/31/17,2.7275,8735.5
2/1/17,2.7115,8738.5
2/2/17,2.6855,8883
2/3/17,2.616,8790
2/6/17,2.6515,8882.75
2/7/17,2.632,8952.5
2/8/17,2.6665,8768.5
2/9/17,2.6535,8952.5
2/10/17,2.768,8967.5
2/13/17,2.783,9031
2/14/17,2.737,8973.5
2/15/17,2.7405,9212.5
2/16/17,2.7185,9225.5
2/17/17,2.707,9251.5
2/21/17,2.7455,9347
2/22/17,2.733,9346
2/23/17,2.6466,9141
2/24/17,2.6864,9121.5
2/27/17,2.6938,9037
2/28/17,2.712,8879.75
3/1/17,2.736,8961.5
3/2/17,2.6905,8885
3/3/17,2.6965,9159.5
3/6/17,2.652,9166.5
3/7/17,2.6185,9529.5
3/8/17,2.6005,9560
3/9/17,2.58,9733
3/10/17,2.595,9601.5
3/13/17,2.6255,9445
3/14/17,2.635,9469
3/15/17,2.6565,9726
3/16/17,2.6775,9955
3/17/17,2.6915,9994.5
3/20/17,2.667,10087.5
3/21/17,2.6185,10155.5
3/22/17,2.6305,10168.5
3/23/17,2.6445,10241
3/24/17,2.631,10304.5
3/27/17,2.632,10335
3/28/17,2.676,10209.5
3/29/17,2.6775,10360.5
3/30/17,2.6715,10591.5
3/31/17,2.6525,10717.5
4/3/17,2.6035,10710
4/4/17,2.612,10615.5
4/5/17,2.68,10407
4/6/17,2.658,10298.5
4/7/17,2.647,10706.5
4/10/17,2.604,10670.5
4/11/17,2.608,10928.5
4/12/17,2.545,11263.5
4/13/17,2.5705,11250
4/17/17,2.596,11606.5
4/18/17,2.529,11689
4/19/17,2.5345,11426
4/20/17,2.542,11647
4/21/17,2.5375,11520
4/24/17,2.5525,11740
4/25/17,2.581,11972.75
4/26/17,2.5933,12193.5
4/27/17,2.5878,12020
4/28/17,2.6053,12102
5/1/17,2.6605,12086.25
5/2/17,2.6355,11524
5/3/17,2.5435,11692.5
5/4/17,2.5115,11904.5
5/5/17,2.5285,11270
5/8/17,2.4935,11485
5/9/17,2.498,11265
5/10/17,2.4945,11164
5/11/17,2.508,11069.5
5/12/17,2.524,10950
5/15/17,2.539,10930.5
5/16/17,2.5505,10342
5/17/17,2.5465,10491
5/18/17,2.5315,10395
5/19/17,2.5815,10157
5/22/17,2.5955,10358
5/23/17,2.596,10415.5
5/24/17,2.5835,10304.5
5/25/17,2.5975,10532.5
5/26/17,2.566,10522
5/30/17,2.564,10448
5/31/17,2.58,10515
6/1/17,2.5875,10929.5
6/2/17,2.5745,10868
6/5/17,2.5575,11061
6/6/17,2.547,11338
6/7/17,2.5515,11610.5
6/8/17,2.6095,11805.5
6/9/17,2.6495,11702.5
6/12/17,2.6155,11586
6/13/17,2.5965,11675.5
6/14/17,2.5735,11670.5
6/15/17,2.5655,11665
6/16/17,2.564,11940
6/19/17,2.5895,11821
6/20/17,2.5545,11716
6/21/17,2.602,11546
6/22/17,2.599,12682
6/23/17,2.624,12870
6/26/17,2.6255,12599
6/27/17,2.6499,12650.5
6/28/17,2.6667,12247
6/29/17,2.6905,12055.5
6/30/17,2.7086,11719
7/3/17,2.693,11633.5
7/5/17,2.66,11294
7/6/17,2.6615,11518.5
7/7/17,2.647,11601
7/10/17,2.6475,11810.5
7/11/17,2.672,11872.5
7/12/17,2.684,11979
7/13/17,2.6615,11513
7/14/17,2.691,11290
7/17/17,2.724,11050
7/18/17,2.7305,11229.5
7/19/17,2.7105,11320.5
7/20/17,2.716,10801
7/21/17,2.7225,10749
7/24/17,2.7365,10986.5
7/25/17,2.8465,10890.5
7/26/17,2.872,11009
7/27/17,2.8775,11039
7/28/17,2.875,11099.5
7/31/17,2.8915,11778
8/1/17,2.881,11976
8/2/17,2.8845,12011
8/3/17,2.878,12072.5
8/4/17,2.885,12048.5
8/7/17,2.907,12295
8/8/17,2.9425,12705.5
8/9/17,2.927,12561.5
8/10/17,2.903,12602.5
8/11/17,2.912,12487.75
8/14/17,2.9045,12486.5
8/15/17,2.883,12642
8/16/17,2.9535,12573
8/17/17,2.938,12807
8/18/17,2.9395,12482
8/21/17,2.9805,12351.25
8/22/17,2.987,12678.5
8/23/17,2.9805,12723.5
8/24/17,3.034,12810
8/25/17,3.0335,13662.5
8/28/17,3.0676,13618.5
8/29/17,3.0904,13775.5
8/30/17,3.078,13317
8/31/17,3.0946,13559.5
9/1/17,3.118,13965.5
9/5/17,3.128,13400
9/6/17,3.1515,13705
9/7/17,3.1435,13345
9/8/17,3.0415,13134
9/11/17,3.066,13104.5
9/12/17,3.036,12932.5
9/13/17,2.981,13060
9/14/17,2.9575,13408
9/15/17,2.949,14056
9/18/17,2.969,14107
9/19/17,2.9695,13870.5
9/20/17,2.969,13543
9/21/17,2.9345,13559
9/22/17,2.9445,13797
9/25/17,2.9375,13787
9/26/17,2.919,13723
9/27/17,2.9295,13879.5
9/28/17,2.981,13797.5
9/29/17,2.955,13743.5
10/2/17,2.9555,13412
10/3/17,2.9635,13403
10/4/17,2.959,13379
10/5/17,3.0465,13625.5
10/6/17,3.029,13534
10/9/17,3.031,13213.5
10/10/17,3.0605,13814
10/11/17,3.0955,13828
10/12/17,3.12,13779.5
10/13/17,3.1335,13576
10/16/17,3.239,13569
10/17/17,3.1955,13429
10/18/17,3.178,13430
10/19/17,3.1675,13425
10/20/17,3.1655,13146
10/23/17,3.188,12902
10/24/17,3.198,12903.5
10/25/17,3.183,12948
10/26/17,3.1775,13081
10/27/17,3.1035,13230.5
10/30/17,3.112,13522.75
10/31/17,3.101,13099.5
11/1/17,3.1425,13272.5
11/2/17,3.1435,13220
11/3/17,3.1175,13390
11/6/17,3.1575,13651.5
11/7/17,3.089,13820.5
11/8/17,3.0995,13671
11/9/17,3.086,13897
11/10/17,3.076,14307
11/13/17,3.1165,14174
11/14/17,3.065,15224
11/15/17,3.0545,15020.5
11/16/17,3.048,14775.5
11/17/17,3.067,14207.5
11/20/17,3.093,13923
11/21/17,3.1285,14085.5
11/22/17,3.137,14181
11/24/17,3.169,13945
11/27/17,3.136,13593
11/28/17,3.0755,13596.75
11/29/17,3.0463,13935.5
11/30/17,3.0442,13725
12/1/17,3.0745,13974
12/4/17,3.072,13863
12/5/17,2.9285,13819.5
12/6/17,2.9445,13995
12/7/17,2.9475,14431
12/8/17,2.9615,14354
12/11/17,2.9945,14403
12/12/17,3.006,14529
12/13/17,3.0355,14688.5
12/14/17,3.0545,14607.5
12/15/17,3.116,14722
12/18/17,3.128,14592
12/19/17,3.1335,14843
12/20/17,3.1775,14724
12/21/17,3.1995,15066.5
12/22/17,3.2195,15157.5
12/26/17,3.2649,15380.5
12/27/17,3.2711,15423.5
12/28/17,3.2995,15687.5
12/29/17,3.2963,15569.75
1/2/18,3.278,15635
1/3/18,3.2575,15355
1/4/18,3.263,15222
1/5/18,3.2295,15135.5
1/8/18,3.224,15549
1/9/18,3.216,15210.5
1/10/18,3.2355,15107.5
1/11/18,3.233,14891.5
1/12/18,3.2185,14590
1/16/18,3.2195,14893
1/17/18,3.189,14905
1/18/18,3.199,15180.5
1/19/18,3.1875,15255
1/22/18,3.1985,14704.5
1/23/18,3.111,14804
1/24/18,3.2285,14708.5
1/25/18,3.2165,14823
1/26/18,3.199,14605
1/29/18,3.194,14353.5
1/30/18,3.189,14054
1/31/18,3.1955,14103.5
2/1/18,3.209,13970
2/2/18,3.1875,14118
2/5/18,3.221,14057
2/6/18,3.189,13785
2/7/18,3.0875,14099
2/8/18,3.082,13881
2/9/18,3.0335,13571.5
2/12/18,3.0865,13393
2/13/18,3.1625,13519
2/14/18,3.236,13249
2/15/18,3.2455,13437
2/16/18,3.2485,13301
2/20/18,3.1905,13499
2/21/18,3.216,13577
2/22/18,3.2415,13677
2/23/18,3.2166,13770
2/26/18,3.2083,13766.5
2/27/18,3.1749,13939
2/28/18,3.1275,13492.5
3/1/18,3.123,13237.25
3/2/18,3.1245,13456
3/5/18,3.128,13594
3/6/18,3.159,13763
3/7/18,3.136,13967.5
3/8/18,3.079,13804
3/9/18,3.136,13736.5
3/12/18,3.124,13455
3/13/18,3.138,13328
3/14/18,3.1585,12753.5
3/15/18,3.1275,13230
3/16/18,3.1075,13390
3/19/18,3.082,13476
3/20/18,3.038,13474.5
3/21/18,3.0585,13442.5
3/22/18,3.02,13197.5
3/23/18,2.993,13338
3/26/18,2.97,13415
3/27/18,3.0005,13200
3/28/18,3.002,12708
3/29/18,3.0255,12697.5
4/2/18,3.05,12380
4/3/18,3.0635,12357.5
4/4/18,3.0105,12356
4/5/18,3.0745,12271
4/6/18,3.0585,12324
4/9/18,3.077,12142.5
4/10/18,3.137,12543
4/11/18,3.117,12527
4/12/18,3.0635,12573.5
4/13/18,3.071,12158
4/16/18,3.0955,12312.5
4/17/18,3.0795,12420
4/18/18,3.1585,12541
4/19/18,3.132,13166.5
4/20/18,3.135,12864
4/23/18,3.1105,12860.5
4/24/18,3.142,12731.5
4/25/18,3.1391,12474
4/26/18,3.1236,12507
4/27/18,3.0601,12406
4/30/18,3.0697,12421
5/1/18,3.0375,12677
5/2/18,3.0685,12402.5
5/3/18,3.0805,12539
5/4/18,3.0855,12495.5
5/7/18,3.079,12395
5/8/18,3.059,12604
5/9/18,3.0575,12601.5
5/10/18,3.11,12579
5/11/18,3.1115,12534.5
5/14/18,3.093,12516.5
5/15/18,3.056,12298.5
5/16/18,3.0705,12276
5/17/18,3.089,12372
5/18/18,3.0635,12447.5
5/21/18,3.0985,12290.5
5/22/18,3.132,12377
5/23/18,3.0705,12072
5/24/18,3.096,11834
5/25/18,3.0775,11686
5/29/18,3.0625,11690
5/30/18,3.069,11425.5
5/31/18,3.065,11718.5
6/1/18,3.0985,11860.5
6/4/18,3.1345,11675.5
6/5/18,3.1985,11699.5
6/6/18,3.262,11743.5
6/7/18,3.275,11710
6/8/18,3.3,11397
6/11/18,3.257,11320
6/12/18,3.2495,11262.5
6/13/18,3.254,11230
6/14/18,3.222,11182.5
6/15/18,3.1445,11287
6/18/18,3.1065,11108
6/19/18,3.047,11027
6/20/18,3.0405,10951.5
6/21/18,3.0215,10902.25
6/22/18,3.027,10849
6/25/18,2.987,10803.5
6/26/18,2.9967,10700
6/27/18,2.9937,10726.5
6/28/18,2.9643,10984
6/29/18,2.963,11135.5
7/2/18,2.944,11179.5
7/3/18,2.917,11080.5
7/5/18,2.826,11156
7/6/18,2.824,10780.5
7/9/18,2.85,10845.5
7/10/18,2.8395,10729.5
7/11/18,2.7435,10696.5
7/12/18,2.777,10727
7/13/18,2.7755,10780.5
7/16/18,2.7645,11009.5
7/17/18,2.747,10907.5
7/18/18,2.76,10870.5
7/19/18,2.6955,10868
7/20/18,2.756,10832
7/23/18,2.7465,10796
7/24/18,2.8105,10801
7/25/18,2.8175,10673
7/26/18,2.818,10647
7/27/18,2.802,10604.5
7/30/18,2.792,10791
7/31/18,2.8315,10796
8/1/18,2.7475,11042.5
8/2/18,2.7375,11081
8/3/18,2.7635,11112.5
8/6/18,2.7315,11184
8/7/18,2.752,11194
8/8/18,2.751,11414
8/9/18,2.7655,11354.5
8/10/18,2.7425,11661
8/13/18,2.731,11563.5
8/14/18,2.682,11545.5
8/15/18,2.56,11771.5
8/16/18,2.6165,11610
8/17/18,2.629,11516.5
8/20/18,2.6685,11628
8/21/18,2.6955,11707
8/22/18,2.6735,11907
8/23/18,2.6545,11761
8/24/18,2.7005,12054
8/27/18,2.7085,12281
8/28/18,2.7405,12406.5
8/29/18,2.7206,12591.5
8/30/18,2.7067,13194
8/31/18,2.6666,12978.5
9/4/18,2.602,12855.5
9/5/18,2.61,12909.5
9/6/18,2.6365,12491.75
9/7/18,2.6225,12407
9/10/18,2.628,12327.5
9/11/18,2.6215,12324
9/12/18,2.676,12305
9/13/18,2.683,12320
9/14/18,2.646,12100
9/17/18,2.651,12398
9/18/18,2.7305,12828
9/19/18,2.7295,12776
9/20/18,2.74,12915.5
9/21/18,2.8575,12896
9/24/18,2.836,12877
9/25/18,2.8235,12971.5
9/26/18,2.828,12969
9/27/18,2.783,13114.5
9/28/18,2.805,13171
10/1/18,2.7875,13574
10/2/18,2.8065,13506
10/3/18,2.834,13156
10/4/18,2.7775,13003.5
10/5/18,2.763,12807.5
10/8/18,2.767,13015
10/9/18,2.8065,13118
10/10/18,2.7805,12799
10/11/18,2.803,12844.25
10/12/18,2.8005,12925
10/15/18,2.7885,13049
10/16/18,2.7795,13121
10/17/18,2.778,12911
10/18/18,2.7465,12903
10/19/18,2.778,12871
10/22/18,2.7855,12994.5
10/23/18,2.758,12976.5
10/24/18,2.7575,12795.5
10/25/18,2.7545,12896.5
10/26/18,2.741,13021
10/29/18,2.7405,13057.5
10/30/18,2.664,13244
10/31/18,2.659,13081.5
11/1/18,2.7215,12987
11/2/18,2.807,13100.5
11/5/18,2.756,13114
11/6/18,2.7325,13136.5
11/7/18,2.7545,12892.5
11/8/18,2.736,12941.25
11/9/18,2.6845,12907.5
11/12/18,2.6765,12976
11/13/18,2.687,12813
11/14/18,2.71,12588
11/15/18,2.7465,12308
11/16/18,2.7985,12326.5
11/19/18,2.799,12251.5
11/20/18,2.7665,12270
11/21/18,2.7945,12333
11/23/18,2.7665,12131.5
11/26/18,2.7555,12100
11/27/18,2.7092,12075
11/28/18,2.7993,12136.5
11/29/18,2.7819,12170
11/30/18,2.7827,11904.5
12/3/18,2.806,11965
12/4/18,2.755,11885
12/5/18,2.772,11759
12/6/18,2.7425,11740
12/7/18,2.758,12158
12/10/18,2.7205,12196
12/11/18,2.768,12002
12/12/18,2.7705,11974
12/13/18,2.7645,12068
12/14/18,2.7605,12030
12/17/18,2.752,11892
12/18/18,2.665,12347
12/19/18,2.7195,12099
12/20/18,2.698,12015
12/21/18,2.6735,12139.5
12/24/18,2.663,11971.5
12/26/18,2.7004,11820
12/27/18,2.6677,11757
12/28/18,2.6805,11653
12/31/18,2.6304,11594
1/2/19,2.623,11542
1/3/19,2.568,11580
1/4/19,2.6475,11807
1/7/19,2.637,11757
1/8/19,2.656,11762
1/9/19,2.657,11792
1/10/19,2.6375,11688
1/11/19,2.662,11705
1/14/19,2.635,12021
1/15/19,2.6345,12229.75
1/16/19,2.6735,12018.5
1/17/19,2.68,12069.5
1/18/19,2.719,12234
1/22/19,2.6595,12424
1/23/19,2.6545,12658
1/24/19,2.6445,12584
1/25/19,2.729,12266
1/28/19,2.68,12004.5
1/29/19,2.725,12271.5
1/30/19,2.7675,12270
1/31/19,2.7845,12418
2/1/19,2.773,12676
2/4/19,2.7945,12525
2/5/19,2.817,12928
2/6/19,2.8365,13073
2/7/19,2.8285,13409.5
2/8/19,2.8105,13595
2/11/19,2.79,14004
2/12/19,2.772,14419
2/13/19,2.773,14817
2/14/19,2.774,14680
2/15/19,2.7985,14256
2/19/19,2.8745,14131
2/20/19,2.92,14508
2/21/19,2.897,14032
2/22/19,2.9515,14063
2/25/19,2.9458,14325
2/26/19,2.9472,14320
2/27/19,2.9611,14452
2/28/19,2.9484,14578
3/1/19,2.932,14448
3/4/19,2.909,14878
3/5/19,2.9335,14944
3/6/19,2.9185,14802
3/7/19,2.9105,15844
3/8/19,2.8935,15513
3/11/19,2.901,15680
3/12/19,2.9285,15635
3/13/19,2.9355,15983
3/14/19,2.8915,16290
3/15/19,2.906,16222
3/18/19,2.909,15943
3/19/19,2.923,15878.5
3/20/19,2.921,15857
3/21/19,2.906,15710
3/22/19,2.8425,15723
3/25/19,2.8565,15779
3/26/19,2.854,16182
3/27/19,2.863,16549
3/28/19,2.8725,18004
3/29/19,2.936,18118
4/1/19,2.9245,18023
4/2/19,2.9055,18015
4/3/19,2.9485,17515
4/4/19,2.91,17743
4/5/19,2.8945,18102
4/8/19,2.932,18128
4/9/19,2.934,17952
4/10/19,2.9255,18153
4/11/19,2.887,17809
4/12/19,2.946,17820
4/15/19,2.935,17121
4/16/19,2.9305,17305
4/17/19,2.9675,17430
4/18/19,2.92,17660
4/22/19,2.9015,17595
4/23/19,2.8935,17295
4/24/19,2.91,17475
4/25/19,2.8627,17340
4/26/19,2.8895,17338.5
4/29/19,2.8962,17219
4/30/19,2.9035,17434
5/1/19,2.8015,17640
5/2/19,2.7795,17775
5/3/19,2.819,17906
5/6/19,2.8295,17945
5/7/19,2.7855,17557.5
5/8/19,2.7745,17749.5
5/9/19,2.7715,17738.5
5/10/19,2.7745,17996
5/13/19,2.719,17399.5
5/14/19,2.725,16985
5/15/19,2.743,16999.5
5/16/19,2.748,16322.5
5/17/19,2.7385,16462
5/20/19,2.726,16204
5/21/19,2.715,16020
5/22/19,2.678,16394.5
5/23/19,2.6805,16949.5
5/24/19,2.6995,16885
5/28/19,2.696,16680
5/29/19,2.664,16680
5/30/19,2.654,16680
5/31/19,2.64,16834.5
6/3/19,2.65,16798
6/4/19,2.669,16589
6/5/19,2.623,16235
6/6/19,2.6505,16385
6/7/19,2.6275,16303.5
6/10/19,2.6615,16184.5
6/11/19,2.6715,15725
6/12/19,2.654,15495
6/13/19,2.6565,15524
6/14/19,2.6295,15351.5
6/17/19,2.6465,14984
6/18/19,2.703,14819
6/19/19,2.6805,14472.5
6/20/19,2.712,14310
6/21/19,2.7045,14409
6/24/19,2.7055,14386.5
6/25/19,2.7354,14564
6/26/19,2.7143,14572
6/27/19,2.7149,14440
6/28/19,2.7119,14060
7/1/19,2.688,13806.5
7/2/19,2.664,13622.5
7/3/19,2.683,13598.5
7/5/19,2.661,13245
7/8/19,2.659,13164
7/9/19,2.625,13416.5
7/10/19,2.694,13197.5
7/11/19,2.6875,13069
7/12/19,2.694,13534
7/15/19,2.711,13855
7/16/19,2.7,14130
7/17/19,2.716,14083.5
7/18/19,2.71,14174
7/19/19,2.7525,13803.5
7/22/19,2.722,14166
7/23/19,2.7,14035
7/24/19,2.712,14392.5
7/25/19,2.7035,14286.5
7/26/19,2.685,13999
7/29/19,2.7175,14238
7/30/19,2.6785,13995
7/31/19,2.666,14000
8/1/19,2.6655,13736.5
8/2/19,2.5715,13790
8/5/19,2.544,13857.5
8/6/19,2.5575,13807.5
8/7/19,2.571,14122.5
8/8/19,2.6075,14044
8/9/19,2.589,14189
8/12/19,2.585,13675
8/13/19,2.63,13946.5
8/14/19,2.592,14290
8/15/19,2.595,13839
8/16/19,2.595,13842.5
8/19/19,2.6015,13845
8/20/19,2.578,13642.5
8/21/19,2.5855,13275.5
8/22/19,2.5575,12985
8/23/19,2.53,12640
8/26/19,2.5435,12740
8/27/19,2.5486,12630
8/28/19,2.5582,12531.5
8/29/19,2.5703,12672.5
8/30/19,2.5478,12747.5
9/3/19,2.528,12787.5
9/4/19,2.595,13001.5
9/5/19,2.642,13010
9/6/19,2.634,12765
9/9/19,2.6275,12880
9/10/19,2.628,13086.5
9/11/19,2.6145,13047.5
9/12/19,2.6405,13063.5
9/13/19,2.6995,13031
9/16/19,2.6405,13070
9/17/19,2.627,12942.5
9/18/19,2.613,12738
9/19/19,2.6085,12681.5
9/20/19,2.6065,12454
9/23/19,2.6115,12355
9/24/19,2.6065,12540
9/25/19,2.612,12285
9/26/19,2.5775,12277.5
9/27/19,2.5975,12186
9/30/19,2.5785,12435
10/1/19,2.5605,12550
10/2/19,2.5705,12697.5
10/3/19,2.5535,12790
10/4/19,2.5625,12704
10/7/19,2.577,12414
10/8/19,2.5685,12415
10/9/19,2.568,12435
10/10/19,2.6135,11855
10/11/19,2.628,12564
10/14/19,2.634,11774
10/15/19,2.614,11900
10/16/19,2.5895,11416.5
10/17/19,2.5975,11229
10/18/19,2.636,11370
10/21/19,2.6465,11055
10/22/19,2.633,11075
10/23/19,2.6715,11177
10/24/19,2.668,11220
10/25/19,2.6755,11225
10/28/19,2.683,11280
10/29/19,2.6915,11235
10/30/19,2.686,11220
10/31/19,2.638,11185
11/1/19,2.653,11192
11/4/19,2.671,11162
11/5/19,2.7005,11349
11/6/19,2.665,11425
11/7/19,2.7275,11457
11/8/19,2.682,11723
11/11/19,2.664,11713
11/12/19,2.6455,11657
11/13/19,2.6395,11886
11/14/19,2.6215,12256
11/15/19,2.638,12085
11/18/19,2.62,11895
11/19/19,2.6565,12010
11/20/19,2.6495,12073
11/21/19,2.6235,12255
11/22/19,2.648,12251
11/25/19,2.6487,12135
11/26/19,2.6809,12134
11/27/19,2.6805,11852
11/29/19,2.6484,11805
12/2/19,2.6395,12200
12/3/19,2.6125,12247
12/4/19,2.6485,12247
12/5/19,2.653,12275
12/6/19,2.7155,12200
12/9/19,2.749,12084
12/10/19,2.757,11807
12/11/19,2.781,11949
12/12/19,2.788,12260
12/13/19,2.774,12335
12/16/19,2.806,12762
12/17/19,2.81,12124
12/18/19,2.8085,12260
12/19/19,2.8245,12145
12/20/19,2.8025,12134
12/23/19,2.8075,12120
12/24/19,2.825,12418
12/26/19,2.847,12680
12/27/19,2.8271,12813
12/30/19,2.8311,12607
12/31/19,2.7964,12784
1/2/20,2.825,12943
1/3/20,2.787,12804
1/6/20,2.79,12882
1/7/20,2.7935,12615
1/8/20,2.812,12734
1/9/20,2.802,12503
1/10/20,2.8135,12887
1/13/20,2.861,12900
1/14/20,2.8735,12760
1/15/20,2.866,12855
1/16/20,2.847,12624
1/17/20,2.8455,12540
1/21/20,2.7935,12510
1/22/20,2.765,12386
1/23/20,2.726,12709
1/24/20,2.684,12684
1/27/20,2.5965,12789
1/28/20,2.5795,12555
1/29/20,2.554,12823
1/30/20,2.524,13040
1/31/20,2.517,13242
2/3/20,2.507,13232
2/4/20,2.542,13414
2/5/20,2.5745,13425
2/6/20,2.593,13070
2/7/20,2.553,13482
2/10/20,2.5505,13545
2/11/20,2.583,13512
2/12/20,2.6,13254
2/13/20,2.613,13281
2/14/20,2.5995,13161
2/18/20,2.604,13315
2/19/20,2.606,13215
2/20/20,2.588,13460
2/21/20,2.608,13430
2/24/20,2.577,13718
2/25/20,2.5788,13470
2/26/20,2.5729,13762
2/27/20,2.5715,13716
2/28/20,2.5412,13756
3/2/20,2.595,13682
3/3/20,2.573,13887
3/4/20,2.586,14250
3/5/20,2.573,14380
3/6/20,2.5605,14334
3/9/20,2.5105,14146
3/10/20,2.5215,14153
3/11/20,2.502,14167
3/12/20,2.4725,14106
3/13/20,2.464,14234
3/16/20,2.3925,14541.5
3/17/20,2.3135,14601
3/18/20,2.151,14706
3/19/20,2.1855,14620
3/20/20,2.1715,14562
3/23/20,2.1005,14862
3/24/20,2.18,14880
3/25/20,2.204,15034
3/26/20,2.178,15034
3/27/20,2.172,15414
3/30/20,2.1555,15660
3/31/20,2.228,15658
4/1/20,2.1745,15135
4/2/20,2.2185,15210
4/3/20,2.1925,15185
4/6/20,2.2175,15115
4/7/20,2.2725,14822
4/8/20,2.26,14747
4/9/20,2.2595,14935
4/13/20,2.3025,15089
4/14/20,2.3295,15229.5
4/15/20,2.296,15159
4/16/20,2.291,14895
4/17/20,2.3445,14908
4/20/20,2.32,14692
4/21/20,2.2295,14554
4/22/20,2.29,14365
4/23/20,2.312,14179
4/24/20,2.337,14285
4/27/20,2.349,14415
4/28/20,2.3455,14470
4/29/20,2.3721,14385
4/30/20,2.346,14430
5/1/20,2.312,14271
5/4/20,2.3125,14359
5/5/20,2.3325,14642
5/6/20,2.347,14570
5/7/20,2.3805,14570
5/8/20,2.406,14990
5/11/20,2.38,15216
5/12/20,2.359,15199
5/13/20,2.346,15105
5/14/20,2.346,15353
5/15/20,2.3305,15602
5/18/20,2.404,15652
5/19/20,2.418,15792
5/20/20,2.46,16064
5/21/20,2.432,15706
5/22/20,2.3865,15768
5/26/20,2.4185,15397
5/27/20,2.382,15602
5/28/20,2.4135,15819
5/29/20,2.4255,15394
6/1/20,2.4705,15256
6/2/20,2.491,15113
6/3/20,2.4875,15365
6/4/20,2.4895,15365
6/5/20,2.5555,15391
6/8/20,2.5655,15532
6/9/20,2.599,15710.25
6/10/20,2.6565,15874
6/11/20,2.5865,15815
6/12/20,2.6,16031
6/15/20,2.567,15745
6/16/20,2.5645,15690
6/17/20,2.5895,15870
6/18/20,2.588,16017
6/19/20,2.611,16007
6/22/20,2.6525,15975
6/23/20,2.6585,16055
6/24/20,2.6505,16373
6/25/20,2.666,16343
6/26/20,2.667,16103
6/29/20,2.6873,15850
6/30/20,2.7255,15937
7/1/20,2.734,16020
7/2/20,2.7485,16290
7/6/20,2.7745,16390
7/7/20,2.797,16475
7/8/20,2.824,16807
7/9/20,2.8385,17192
7/10/20,2.8975,17594
7/13/20,2.955,17650
7/14/20,2.9325,17355
7/15/20,2.885,17520
7/16/20,2.9015,17551
7/17/20,2.9045,17342
7/20/20,2.9155,16913
7/21/20,2.958,16691
7/22/20,2.9245,16951
7/23/20,2.9385,17003
7/24/20,2.8925,16775
7/27/20,2.8975,16540
7/28/20,2.9175,17344
7/29/20,2.919,17517
7/30/20,2.914,17796
7/31/20,2.868,17929
8/3/20,2.912,17891
8/4/20,2.8945,17164
8/5/20,2.917,17164
8/6/20,2.9105,17674
8/7/20,2.7925,17951
8/10/20,2.8615,17969
8/11/20,2.8755,18056
8/12/20,2.891,18075
8/13/20,2.807,18055
8/14/20,2.859,18370
8/17/20,2.9015,17906
8/18/20,2.975,18203.67
8/19/20,3.023,18142
8/20/20,2.9745,17818
8/21/20,2.9175,17663
8/24/20,2.9265,17728
8/25/20,2.934,17807
8/26/20,2.9655,17756
8/27/20,2.9767,17623
8/28/20,3.0097,17535
8/31/20,3.0574,17955
9/1/20,3.0285,18067
9/2/20,3.0205,18338
9/3/20,2.975,18484
9/4/20,3.062,18599
9/8/20,3.025,18363
9/9/20,3.0515,18612
9/10/20,2.9985,18586.5
9/11/20,3.0395,18704
9/14/20,3.068,18966
9/15/20,3.063,19496
9/16/20,3.061,19690
9/17/20,3.071,19226
9/18/20,3.116,19353
9/21/20,3.032,19568
9/22/20,3.061,18607
9/23/20,2.993,18655
9/24/20,2.968,18581
9/25/20,2.971,17802
9/28/20,2.99,16144
9/29/20,2.99,16349
9/30/20,3.0325,16115
10/1/20,2.8655,15839
10/2/20,2.9775,16040
10/5/20,2.963,16433
10/6/20,2.9635,16157
10/7/20,3.033,16167
10/8/20,3.042,16117.75
10/9/20,3.0825,15989
10/12/20,3.064,15999
10/13/20,3.0445,16121
10/14/20,3.0505,16425
10/15/20,3.0855,16526
10/16/20,3.0675,16133
10/19/20,3.086,15984
10/20/20,3.148,16255
10/21/20,3.1985,16260
10/22/20,3.1535,15896.44
10/23/20,3.129,16097
10/26/20,3.0895,16001
10/27/20,3.0935,16520
10/28/20,3.064,16783.25
10/29/20,3.0565,16629
10/30/20,3.0475,16221
11/2/20,3.077,16174
11/3/20,3.0925,16205
11/4/20,3.107,16050
11/5/20,3.11,16411.5
11/6/20,3.154,16064
11/9/20,3.156,16143
11/10/20,3.1555,16085
11/11/20,3.134,16009
11/12/20,3.145,16150
11/13/20,3.178,16449
11/16/20,3.222,16914
11/17/20,3.198,16909
11/18/20,3.198,17433
11/19/20,3.202,17477
11/20/20,3.291,17861
11/23/20,3.258,17984
11/24/20,3.3011,17943
11/25/20,3.3129,17943
11/27/20,3.4037,18070
11/30/20,3.4257,17942.5
12/1/20,3.473,17943
12/2/20,3.478,17180
12/3/20,3.481,17404
12/4/20,3.516,17724
12/7/20,3.5095,18120.5
12/8/20,3.4935,17680
12/9/20,3.5085,17326
12/10/20,3.5695,17047
12/11/20,3.5235,16780
12/14/20,3.5215,17125
12/15/20,3.538,17168
12/16/20,3.5535,17364
12/17/20,3.5965,17811
12/18/20,3.6275,18147
12/21/20,3.5725,18133
12/22/20,3.5165,17862.5
12/23/20,3.5525,17922
12/24/20,3.5585,17625
12/28/20,3.5678,17828
12/29/20,3.5519,18089
12/30/20,3.5466,17784
12/31/20,3.518,18302
1/4/21,3.5545,18276
1/5/21,3.6395,17909
1/6/21,3.6505,17484
1/7/21,3.696,17288
1/8/21,3.6735,17320
1/11/21,3.5645,17310
1/12/21,3.6055,17701
1/13/21,3.617,17867
1/14/21,3.6645,18191
1/15/21,3.602,18612
1/19/21,3.6335,18359
1/20/21,3.6415,18214
1/21/21,3.6475,18211
1/22/21,3.626,18082
1/25/21,3.6295,18141
1/26/21,3.6195,18370
1/27/21,3.5575,18541
1/28/21,3.578,18309
1/29/21,3.556,18180
2/1/21,3.546,18673
2/2/21,3.5245,18566
2/3/21,3.5655,18785
2/4/21,3.553,18689
2/5/21,3.626,18697
2/8/21,3.666,18896
2/9/21,3.72,18867
2/10/21,3.7725,18570
2/11/21,3.7715,18382
2/12/21,3.788,18870
2/16/21,3.834,19267.5
2/17/21,3.8205,19483
2/18/21,3.901,19369
2/19/21,4.074,19584
2/22/21,4.141,19769
2/23/21,4.1803,19546
2/24/21,4.2983,19726
2/25/21,4.2645,19324
2/26/21,4.0929,19448
3/1/21,4.113,19279
3/2/21,4.222,19533
3/3/21,4.142,18748
3/4/21,3.9785,18718
3/5/21,4.0755,18885
3/8/21,4.093,19540
3/9/21,4.0085,19651
3/10/21,4.0325,19505
3/11/21,4.139,19470
3/12/21,4.14,19019
3/15/21,4.1405,18476
3/16/21,4.0715,18569
3/17/21,4.119,18896
3/18/21,4.108,19065
3/19/21,4.113,19225
3/22/21,4.1395,18868
3/23/21,4.0795,18914
3/24/21,4.064,19513
3/25/21,3.978,19541
3/26/21,4.068,19366
3/29/21,4.0345,19493
3/30/21,3.9785,19636
3/31/21,3.9955,19549
4/1/21,3.9905,19726
4/5/21,4.1375,20234
4/6/21,4.1165,20375
4/7/21,4.0545,19926.5
4/8/21,4.0945,19636.5
4/9/21,4.04,19844
4/12/21,4.0185,19530
4/13/21,4.0315,19745
4/14/21,4.1285,19075
4/15/21,4.2185,18907.5
4/16/21,4.168,19078.5
4/19/21,4.238,19231.5
4/20/21,4.213,19170
4/21/21,4.279,18900
4/22/21,4.273,18611
4/23/21,4.336,18626
4/26/21,4.441,18177.5
4/27/21,4.4875,18123.5
4/28/21,4.4978,18140
4/29/21,4.4891,17797.5
4/30/21,4.4702,18094
5/3/21,4.5285,18239
5/4/21,4.5215,18865
5/5/21,4.524,19421
5/6/21,4.6025,19371
5/7/21,4.7485,19233.5
5/10/21,4.716,19287.5
5/11/21,4.762,19859
5/12/21,4.736,20215
5/13/21,4.6905,20451.5
5/14/21,4.6545,20031
5/17/21,4.7115,20526
5/18/21,4.7255,20355
5/19/21,4.5765,20134
5/20/21,4.568,20495
5/21/21,4.481,19849
5/24/21,4.5255,19823.5
5/25/21,4.5065,19480
5/26/21,4.5295,19644
5/27/21,4.663,19823.5
5/28/21,4.6775,19780
6/1/21,4.6535,19580
6/2/21,4.5915,19261
6/3/21,4.463,19611.5
6/4/21,4.529,19716
6/7/21,4.5265,19633.5
6/8/21,4.556,19848.5
6/9/21,4.531,19951
6/10/21,4.485,19949
6/11/21,4.5375,19661.5
6/14/21,4.527,19573.5
6/15/21,4.333,19293.5
6/16/21,4.385,19980
6/17/21,4.178,20269
6/18/21,4.157,20590
6/21/21,4.184,21130
6/22/21,4.23,21063.5
6/23/21,4.3305,20233.5
6/24/21,4.311,20338.5
6/25/21,4.2915,20185
6/28/21,4.2782,20405
6/29/21,4.2693,20186.5
6/30/21,4.2905,20285
7/1/21,4.236,19980
7/2/21,4.276,20303.5
7/6/21,4.251,20424
7/7/21,4.3225,19951
7/8/21,4.2645,19956
7/9/21,4.3455,19899
7/12/21,4.316,19741
7/13/21,4.307,19328.5
7/14/21,4.2675,19583.5
7/15/21,4.323,19825
7/16/21,4.323,19370
7/19/21,4.2015,19748.5
7/20/21,4.263,19983.5
7/21/21,4.272,20177.5
7/22/21,4.3375,20293.5
7/23/21,4.4,20317.5
7/26/21,4.585,20697
7/27/21,4.5445,20912.5
7/28/21,4.482,20725
7/29/21,4.5235,20894
7/30/21,4.4825,20475
8/2/21,4.433,20713.5
8/3/21,4.386,21042.5
8/4/21,4.3325,22130
8/5/21,4.348,22845
8/6/21,4.348,22461.5
8/9/21,4.2895,22738.5
8/10/21,4.354,22795
8/11/21,4.3675,23900
8/12/21,4.36,23988.5
8/13/21,4.3915,23500
8/16/21,4.327,22526
8/17/21,4.206,23413.5
8/18/21,4.12,22860
8/19/21,4.041,22738.5
8/20/21,4.137,22796.5
8/23/21,4.237,23299
8/24/21,4.258,23388.5
8/25/21,4.2675,23213.5
8/26/21,4.2499,23461.5
8/27/21,4.3239,23638.5
8/30/21,4.3697,23538.5
8/31/21,4.372,23544
9/1/21,4.278,24054
9/2/21,4.304,23701.5
9/3/21,4.334,23529
9/6/21,4.334,23950
9/7/21,4.2815,23902.5
9/8/21,4.233,24147.5
9/9/21,4.2855,24499
9/10/21,4.452,24870
9/13/21,4.367,25647.5
9/14/21,4.321,24944
9/15/21,4.4065,26101.5
9/16/21,4.2815,24695
9/17/21,4.246,25249
9/20/21,4.1145,25438.5
9/21/21,4.126,26997.5
9/22/21,4.252,28797.5
9/23/21,4.231,29775
9/24/21,4.2855,42995
9/27/21,4.2895,42995
9/28/21,4.2465,48211
9/29/21,4.199,48241
9/30/21,4.089,48226
10/1/21,4.1885,48211
10/4/21,4.2385,48196
10/5/21,4.1925,45795
10/6/21,4.1475,42150
10/7/21,4.2435,37115
10/8/21,4.2755,31580
10/11/21,4.3665,30800
10/12/21,4.3255,32355
10/13/21,4.516,37200
10/14/21,4.6315,35550
10/15/21,4.7295,34036.5
10/18/21,4.7255,33100
10/19/21,4.703,32724
10/20/21,4.7345,32150
10/21/21,4.5585,32775
10/22/21,4.498,33690
10/25/21,4.528,33749
10/26/21,4.486,33600
10/27/21,4.3895,33494
10/28/21,4.4385,34100
10/29/21,4.368,32911.5
11/1/21,4.3935,32449
11/2/21,4.366,32994
11/3/21,4.321,33224
11/4/21,4.3205,33674
11/5/21,4.343,33799
11/8/21,4.399,33761.5
11/9/21,4.373,33836.5
11/10/21,4.323,32608
11/11/21,4.3995,32813.5
11/12/21,4.4495,33274
11/15/21,4.4,33273.5
11/16/21,4.3515,32424
11/17/21,4.266,30905
11/18/21,4.3045,30384
11/19/21,4.4075,30196