date,spy
7/17/09,94.13
7/20/09,95.13
7/21/09,95.57
7/22/09,95.55
7/23/09,97.66
7/24/09,98.06
7/27/09,98.35
7/28/09,97.89
7/29/09,97.65
7/30/09,98.67
7/31/09,98.81
8/3/09,100.44
8/4/09,100.7
8/5/09,100.41
8/6/09,99.89
8/7/09,101.2
8/10/09,100.99
8/11/09,99.73
8/12/09,100.8
8/13/09,101.57
8/14/09,100.79
8/17/09,98.31
8/18/09,99.09
8/19/09,99.96
8/20/09,100.99
8/21/09,102.97
8/24/09,102.96
8/25/09,103.16
8/26/09,103.17
8/27/09,103.4
8/28/09,103.38
8/31/09,102.46
9/1/09,100.2
9/2/09,99.82
9/3/09,100.65
9/4/09,102.06
9/8/09,102.94
9/9/09,103.73
9/10/09,104.79
9/11/09,104.77
9/14/09,105.28
9/15/09,105.72
9/16/09,107.32
9/17/09,107.16
9/18/09,106.72
9/21/09,106.45
9/22/09,107.07
9/23/09,106.18
9/24/09,105.01
9/25/09,104.45
9/28/09,106.32
9/29/09,106
9/30/09,105.59
10/1/09,102.97
10/2/09,102.49
10/5/09,104.02
10/6/09,105.51
10/7/09,105.8
10/8/09,106.61
10/9/09,107.26
10/12/09,107.68
10/13/09,107.46
10/14/09,109.31
10/15/09,109.71
10/16/09,108.89
10/19/09,109.79
10/20/09,109.21
10/21/09,108.23
10/22/09,109.33
10/23/09,108.08
10/26/09,106.91
10/27/09,106.42
10/28/09,104.41
10/29/09,106.65
10/30/09,103.56
11/2/09,104.32
11/3/09,104.65
11/4/09,104.92
11/5/09,106.85
11/6/09,107.13
11/9/09,109.57
11/10/09,109.59
11/11/09,110.15
11/12/09,109.03
11/13/09,109.62
11/16/09,111.21
11/17/09,111.34
11/18/09,111.27
11/19/09,109.82
11/20/09,109.43
11/23/09,110.82
11/24/09,110.99
11/25/09,111.38
11/27/09,109.57
11/30/09,109.94
12/1/09,111.3
12/2/09,111.25
12/3/09,110.38
12/4/09,111.01
12/7/09,110.84
12/8/09,109.61
12/9/09,110.02
12/10/09,110.64
12/11/09,111.11
12/14/09,111.87
12/15/09,111.35
12/16/09,111.52
12/17/09,110.18
12/18/09,110.21
12/21/09,111.33
12/22/09,111.73
12/23/09,111.95
12/24/09,112.48
12/28/09,112.72
12/29/09,112.56
12/30/09,112.52
12/31/09,111.44
1/4/10,113.33
1/5/10,113.63
1/6/10,113.71
1/7/10,114.19
1/8/10,114.57
1/11/10,114.73
1/12/10,113.66
1/13/10,114.62
1/14/10,114.93
1/15/10,113.64
1/19/10,115.06
1/20/10,113.89
1/21/10,111.7
1/22/10,109.21
1/25/10,109.77
1/26/10,109.31
1/27/10,109.83
1/28/10,108.57
1/29/10,107.39
2/1/10,109.06
2/2/10,110.38
2/3/10,109.83
2/4/10,106.44
2/5/10,106.66
2/8/10,105.89
2/9/10,107.22
2/10/10,107.01
2/11/10,108.13
2/12/10,108.04
2/16/10,109.74
2/17/10,110.26
2/18/10,110.91
2/19/10,111.14
2/22/10,111.16
2/23/10,109.81
2/24/10,110.82
2/25/10,110.67
2/26/10,110.74
3/1/10,111.89
3/2/10,112.2
3/3/10,112.3
3/4/10,112.64
3/5/10,114.25
3/8/10,114.27
3/9/10,114.46
3/10/10,114.97
3/11/10,115.45
3/12/10,115.46
3/15/10,115.49
3/16/10,116.41
3/17/10,117.1
3/18/10,117.04
3/19/10,115.97
3/22/10,116.59
3/23/10,117.41
3/24/10,116.84
3/25/10,116.65
3/26/10,116.58
3/29/10,117.32
3/30/10,117.4
3/31/10,117
4/1/10,117.8
4/5/10,118.76
4/6/10,119.04
4/7/10,118.36
4/8/10,118.77
4/9/10,119.55
4/12/10,119.74
4/13/10,119.83
4/14/10,121.19
4/15/10,121.29
4/16/10,119.36
4/19/10,119.81
4/20/10,120.88
4/21/10,120.66
4/22/10,121.02
4/23/10,121.81
4/26/10,121.35
4/27/10,118.48
4/28/10,119.38
4/29/10,120.86
4/30/10,118.81
5/3/10,120.35
5/4/10,117.52
5/5/10,116.82
5/6/10,112.94
5/7/10,111.26
5/10/10,116.16
5/11/10,115.83
5/12/10,117.45
5/13/10,115.99
5/14/10,113.89
5/17/10,113.95
5/18/10,112.4
5/19/10,111.76
5/20/10,107.54
5/21/10,109.11
5/24/10,107.71
5/25/10,107.82
5/26/10,107.17
5/27/10,110.76
5/28/10,109.37
6/1/10,107.53
6/2/10,110.33
6/3/10,110.71
6/4/10,106.82
6/7/10,105.49
6/8/10,106.62
6/9/10,106.05
6/10/10,109.15
6/11/10,109.68
6/14/10,109.51
6/15/10,112
6/16/10,111.96
6/17/10,112.14
6/18/10,111.73
6/21/10,111.41
6/22/10,109.57
6/23/10,109.23
6/24/10,107.42
6/25/10,107.87
6/28/10,107.53
6/29/10,104.21
6/30/10,103.22
7/1/10,102.76
7/2/10,102.2
7/6/10,102.87
7/7/10,106.11
7/8/10,107.16
7/9/10,107.96
7/12/10,108.03
7/13/10,109.66
7/14/10,109.65
7/15/10,109.68
7/16/10,106.66
7/19/10,107.29
7/20/10,108.48
7/21/10,107.07
7/22/10,109.46
7/23/10,110.41
7/26/10,111.56
7/27/10,111.55
7/28/10,110.83
7/29/10,110.29
7/30/10,110.27
8/2/10,112.76
8/3/10,112.22
8/4/10,112.97
8/5/10,112.85
8/6/10,112.39
8/9/10,112.99
8/10/10,112.38
8/11/10,109.3
8/12/10,108.63
8/13/10,108.31
8/16/10,108.26
8/17/10,109.59
8/18/10,109.79
8/19/10,107.88
8/20/10,107.53
8/23/10,107.12
8/24/10,105.53
8/25/10,105.94
8/26/10,105.23
8/27/10,106.86
8/30/10,105.31
8/31/10,105.31
9/1/10,108.46
9/2/10,109.47
9/3/10,110.89
9/7/10,109.64
9/8/10,110.41
9/9/10,110.92
9/10/10,111.48
9/13/10,112.72
9/14/10,112.65
9/15/10,113.08
9/16/10,113.05
9/17/10,112.49
9/20/10,114.21
9/21/10,113.98
9/22/10,113.42
9/23/10,112.5
9/24/10,114.82
9/27/10,114.27
9/28/10,114.67
9/29/10,114.47
9/30/10,114.13
10/1/10,114.61
10/4/10,113.75
10/5/10,116.04
10/6/10,116.03
10/7/10,115.89
10/8/10,116.54
10/11/10,116.65
10/12/10,117.01
10/13/10,117.92
10/14/10,117.46
10/15/10,117.7
10/18/10,118.28
10/19/10,116.73
10/20/10,117.87
10/21/10,118.13
10/22/10,118.35
10/25/10,118.7
10/26/10,118.72
10/27/10,118.38
10/28/10,118.4
10/29/10,118.49
11/1/10,118.53
11/2/10,119.47
11/3/10,119.95
11/4/10,122.26
11/5/10,122.72
11/8/10,122.49
11/9/10,121.61
11/10/10,122.1
11/11/10,121.64
11/12/10,120.2
11/15/10,120.03
11/16/10,118.16
11/17/10,118.22
11/18/10,119.96
11/19/10,120.29
11/22/10,120.19
11/23/10,118.45
11/24/10,120.2
11/26/10,118.8
11/29/10,119.16
11/30/10,118.49
12/1/10,121.01
12/2/10,122.56
12/3/10,122.89
12/6/10,122.76
12/7/10,122.83
12/8/10,123.28
12/9/10,123.76
12/10/10,124.48
12/13/10,124.56
12/14/10,124.67
12/15/10,124.1
12/16/10,124.82
12/17/10,124.3
12/20/10,124.6
12/21/10,125.39
12/22/10,125.78
12/23/10,125.6
12/27/10,125.65
12/28/10,125.83
12/29/10,125.92
12/30/10,125.72
12/31/10,125.75
1/3/11,127.05
1/4/11,126.98
1/5/11,127.64
1/6/11,127.39
1/7/11,127.14
1/10/11,126.98
1/11/11,127.43
1/12/11,128.58
1/13/11,128.37
1/14/11,129.3
1/18/11,129.52
1/19/11,128.25
1/20/11,128.08
1/21/11,128.37
1/24/11,129.1
1/25/11,129.17
1/26/11,129.67
1/27/11,129.99
1/28/11,127.72
1/31/11,128.68
2/1/11,130.74
2/2/11,130.49
2/3/11,130.78
2/4/11,131.15
2/7/11,131.97
2/8/11,132.57
2/9/11,132.27
2/10/11,132.32
2/11/11,133.11
2/14/11,133.43
2/15/11,133.01
2/16/11,133.85
2/17/11,134.25
2/18/11,134.53
2/22/11,131.83
2/23/11,131.02
2/24/11,130.93
2/25/11,132.33
2/28/11,133.15
3/1/11,130.93
3/2/11,131.21
3/3/11,133.47
3/4/11,132.47
3/7/11,131.43
3/8/11,132.58
3/9/11,132.39
3/10/11,129.94
3/11/11,130.84
3/14/11,130.05
3/15/11,128.56
3/16/11,126.18
3/17/11,127.85
3/18/11,127.76
3/21/11,129.74
3/22/11,129.29
3/23/11,129.66
3/24/11,130.9
3/25/11,131.3
3/28/11,130.98
3/29/11,131.86
3/30/11,132.77
3/31/11,132.59
4/1/11,133.15
4/4/11,133.26
4/5/11,133.24
4/6/11,133.66
4/7/11,133.32
4/8/11,132.86
4/11/11,132.46
4/12/11,131.47
4/13/11,131.46
4/14/11,131.56
4/15/11,132.04
4/18/11,130.56
4/19/11,131.31
4/20/11,133.1
4/21/11,133.78
4/25/11,133.64
4/26/11,134.79
4/27/11,135.67
4/28/11,136.11
4/29/11,136.43
5/2/11,136.22
5/3/11,135.73
5/4/11,134.83
5/5/11,133.61
5/6/11,134.2
5/9/11,134.72
5/10/11,135.87
5/11/11,134.44
5/12/11,135.08
5/13/11,134.04
5/16/11,133.19
5/17/11,133.17
5/18/11,134.36
5/19/11,134.68
5/20/11,133.61
5/23/11,132.06
5/24/11,131.95
5/25/11,132.39
5/26/11,133
5/27/11,133.51
5/31/11,134.9
6/1/11,131.87
6/2/11,131.73
6/3/11,130.42
6/6/11,129.04
6/7/11,128.96
6/8/11,128.42
6/9/11,129.4
6/10/11,127.6
6/13/11,127.7
6/14/11,129.32
6/15/11,127.02
6/16/11,127.3
6/17/11,127.05
6/20/11,127.7
6/21/11,129.45
6/22/11,128.67
6/23/11,128.3
6/24/11,126.81
6/27/11,127.94
6/28/11,129.61
6/29/11,130.72
6/30/11,131.97
7/1/11,133.92
7/5/11,133.81
7/6/11,133.97
7/7/11,135.36
7/8/11,134.4
7/11/11,131.97
7/12/11,131.4
7/13/11,131.84
7/14/11,130.93
7/15/11,131.69
7/18/11,130.61
7/19/11,132.73
7/20/11,132.65
7/21/11,134.49
7/22/11,134.58
7/25/11,133.83
7/26/11,133.33
7/27/11,130.6
7/28/11,130.22
7/29/11,129.33
8/1/11,128.78
8/2/11,125.49
8/3/11,126.17
8/4/11,120.26
8/5/11,120.08
8/8/11,112.26
8/9/11,117.48
8/10/11,112.29
8/11/11,117.33
8/12/11,118.12
8/15/11,120.62
8/16/11,119.59
8/17/11,119.67
8/18/11,114.51
8/19/11,112.64
8/22/11,112.73
8/23/11,116.44
8/24/11,118.08
8/25/11,116.28
8/26/11,117.97
8/29/11,121.36
8/30/11,121.68
8/31/11,122.22
9/1/11,120.94
9/2/11,117.85
9/6/11,116.99
9/7/11,120.29
9/8/11,119.04
9/9/11,115.92
9/12/11,116.67
9/13/11,117.74
9/14/11,119.37
9/15/11,121.43
9/16/11,121.52
9/19/11,120.31
9/20/11,120.17
9/21/11,116.63
9/22/11,112.86
9/23/11,113.54
9/26/11,116.24
9/27/11,117.54
9/28/11,115.14
9/29/11,116.05
9/30/11,113.15
10/3/11,109.93
10/4/11,112.34
10/5/11,114.42
10/6/11,116.49
10/7/11,115.71
10/10/11,119.58
10/11/11,119.7
10/12/11,120.75
10/13/11,120.51
10/14/11,122.57
10/17/11,120.23
10/18/11,122.58
10/19/11,121.13
10/20/11,121.66
10/21/11,123.97
10/24/11,125.49
10/25/11,123.05
10/26/11,124.3
10/27/11,128.63
10/28/11,128.6
10/31/11,125.5
11/1/11,122
11/2/11,123.99
11/3/11,126.25
11/4/11,125.48
11/7/11,126.26
11/8/11,127.88
11/9/11,123.16
11/10/11,124.32
11/11/11,126.66
11/14/11,125.46
11/15/11,126.08
11/16/11,124.08
11/17/11,122.11
11/18/11,121.98
11/21/11,119.66
11/22/11,119.19
11/23/11,116.56
11/25/11,116.34
11/28/11,119.71
11/29/11,120.05
11/30/11,124.99
12/1/11,124.97
12/2/11,124.86
12/5/11,126.22
12/6/11,126.26
12/7/11,126.73
12/8/11,123.95
12/9/11,126.05
12/12/11,124.21
12/13/11,123.05
12/14/11,121.74
12/15/11,122.18
12/16/11,121.59
12/19/11,120.29
12/20/11,123.93
12/21/11,124.17
12/22/11,125.27
12/23/11,126.39
12/27/11,126.49
12/28/11,124.83
12/29/11,126.12
12/30/11,125.5
1/3/12,127.5
1/4/12,127.7
1/5/12,128.04
1/6/12,127.71
1/9/12,128.02
1/10/12,129.13
1/11/12,129.2
1/12/12,129.51
1/13/12,128.84
1/17/12,129.34
1/18/12,130.77
1/19/12,131.46
1/20/12,131.95
1/23/12,131.61
1/24/12,131.46
1/25/12,132.56
1/26/12,131.88
1/27/12,131.82
1/30/12,131.37
1/31/12,131.32
2/1/12,132.47
2/2/12,132.68
2/3/12,134.54
2/6/12,134.45
2/7/12,134.79
2/8/12,135.19
2/9/12,135.36
2/10/12,134.36
2/13/12,135.36
2/14/12,135.19
2/15/12,134.56
2/16/12,136.05
2/17/12,136.41
2/21/12,136.47
2/22/12,136.03
2/23/12,136.63
2/24/12,136.93
2/27/12,137.16
2/28/12,137.56
2/29/12,137.02
3/1/12,137.73
3/2/12,137.31
3/5/12,136.75
3/6/12,134.75
3/7/12,135.69
3/8/12,137.04
3/9/12,137.57
3/12/12,137.58
3/13/12,140.06
3/14/12,139.91
3/15/12,140.72
3/16/12,140.3
3/19/12,140.85
3/20/12,140.44
3/21/12,140.21
3/22/12,139.2
3/23/12,139.65
3/26/12,141.61
3/27/12,141.17
3/28/12,140.47
3/29/12,140.23
3/30/12,140.81
4/2/12,141.84
4/3/12,141.26
4/4/12,139.86
4/5/12,139.79
4/9/12,138.22
4/10/12,135.9
4/11/12,137
4/12/12,138.79
4/13/12,137.14
4/16/12,137.05
4/17/12,139.08
4/18/12,138.61
4/19/12,137.72
4/20/12,137.95
4/23/12,136.79
4/24/12,137.31
4/25/12,139.19
4/26/12,140.16
4/27/12,140.39
4/30/12,139.87
5/1/12,140.74
5/2/12,140.32
5/3/12,139.25
5/4/12,137
5/7/12,137.1
5/8/12,136.55
5/9/12,135.74
5/10/12,136.02
5/11/12,135.61
5/14/12,134.11
5/15/12,133.34
5/16/12,132.83
5/17/12,130.86
5/18/12,129.74
5/21/12,131.97
5/22/12,132.2
5/23/12,132.27
5/24/12,132.53
5/25/12,132.1
5/29/12,133.7
5/30/12,131.76
5/31/12,131.47
6/1/12,128.16
6/4/12,128.1
6/5/12,129.07
6/6/12,131.97
6/7/12,132.05
6/8/12,133.1
6/11/12,131.41
6/12/12,132.92
6/13/12,132.07
6/14/12,133.47
6/15/12,134.14
6/18/12,134.4
6/19/12,135.7
6/20/12,135.48
6/21/12,132.44
6/22/12,133.46
6/25/12,131.32
6/26/12,131.98
6/27/12,133.17
6/28/12,132.79
6/29/12,136.1
7/2/12,136.51
7/3/12,137.41
7/5/12,136.79
7/6/12,135.49
7/9/12,135.32
7/10/12,134.14
7/11/12,134.16
7/12/12,133.51
7/13/12,135.75
7/16/12,135.43
7/17/12,136.36
7/18/12,137.37
7/19/12,137.73
7/20/12,136.47
7/23/12,135.09
7/24/12,133.93
7/25/12,133.96
7/26/12,136.17
7/27/12,138.68
7/30/12,138.68
7/31/12,137.71
8/1/12,137.59
8/2/12,136.64
8/3/12,139.35
8/6/12,139.62
8/7/12,140.32
8/8/12,140.49
8/9/12,140.61
8/10/12,140.84
8/13/12,140.77
8/14/12,140.79
8/15/12,140.95
8/16/12,141.99
8/17/12,142.18
8/20/12,142.19
8/21/12,141.76
8/22/12,141.82
8/23/12,140.66
8/24/12,141.51
8/27/12,141.54
8/28/12,141.4
8/29/12,141.51
8/30/12,140.49
8/31/12,141.16
9/4/12,141.03
9/5/12,140.91
9/6/12,143.77
9/7/12,144.33
9/10/12,143.51
9/11/12,143.91
9/12/12,144.39
9/13/12,146.59
9/14/12,147.24
9/17/12,146.74
9/18/12,146.62
9/19/12,146.7
9/20/12,146.71
9/21/12,145.87
9/24/12,145.65
9/25/12,144.1
9/26/12,143.29
9/27/12,144.64
9/28/12,143.97
10/1/12,144.35
10/2/12,144.5
10/3/12,145.09
10/4/12,146.13
10/5/12,146.14
10/8/12,145.64
10/9/12,144.2
10/10/12,143.28
10/11/12,143.36
10/12/12,142.89
10/15/12,144.08
10/16/12,145.54
10/17/12,146.2
10/18/12,145.82
10/19/12,143.39
10/22/12,143.41
10/23/12,141.42
10/24/12,141.02
10/25/12,141.43
10/26/12,141.35
10/31/12,141.35
11/1/12,142.83
11/2/12,141.56
11/5/12,141.85
11/6/12,142.96
11/7/12,139.72
11/8/12,138.04
11/9/12,138.16
11/12/12,138.27
11/13/12,137.79
11/14/12,135.93
11/15/12,135.7
11/16/12,136.37
11/19/12,139.13
11/20/12,139.19
11/21/12,139.45
11/23/12,141.35
11/26/12,141.05
11/27/12,140.33
11/28/12,141.46
11/29/12,142.12
11/30/12,142.15
12/3/12,141.45
12/4/12,141.25
12/5/12,141.5
12/6/12,141.98
12/7/12,142.41
12/10/12,142.47
12/11/12,143.44
12/12/12,143.51
12/13/12,142.63
12/14/12,142.1
12/17/12,143.77
12/18/12,145.37
12/19/12,144.29
12/20/12,145.12
12/21/12,142.79
12/24/12,142.35
12/26/12,141.75
12/27/12,141.56
12/28/12,140.03
12/31/12,142.41
1/2/13,146.06
1/3/13,145.73
1/4/13,146.37
1/7/13,145.97
1/8/13,145.55
1/9/13,145.92
1/10/13,147.08
1/11/13,147.07
1/14/13,146.97
1/15/13,147.07
1/16/13,147.05
1/17/13,148
1/18/13,148.33
1/22/13,149.13
1/23/13,149.37
1/24/13,149.41
1/25/13,150.25
1/28/13,150.07
1/29/13,150.66
1/30/13,150.07
1/31/13,149.7
2/1/13,151.24
2/4/13,149.54
2/5/13,151.05
2/6/13,151.16
2/7/13,150.96
2/8/13,151.8
2/11/13,151.77
2/12/13,152.02
2/13/13,152.15
2/14/13,152.29
2/15/13,152.11
2/19/13,153.25
2/20/13,151.34
2/21/13,150.42
2/22/13,151.89
2/25/13,149
2/26/13,150.02
2/27/13,151.91
2/28/13,151.61
3/1/13,152.11
3/4/13,152.92
3/5/13,154.29
3/6/13,154.5
3/7/13,154.78
3/8/13,155.44
3/11/13,156.03
3/12/13,155.68
3/13/13,155.9
3/14/13,156.73
3/15/13,155.83
3/18/13,154.97
3/19/13,154.61
3/20/13,155.69
3/21/13,154.36
3/22/13,155.6
3/25/13,154.95
3/26/13,156.19
3/27/13,156.19
3/28/13,156.67
4/1/13,156.05
4/2/13,156.82
4/3/13,155.23
4/4/13,155.86
4/5/13,155.16
4/8/13,156.21
4/9/13,156.75
4/10/13,158.67
4/11/13,159.19
4/12/13,158.8
4/15/13,155.12
4/16/13,157.41
4/17/13,155.11
4/18/13,154.14
4/19/13,155.48
4/22/13,156.17
4/23/13,157.78
4/24/13,157.88
4/25/13,158.52
4/26/13,158.24
4/29/13,159.3
4/30/13,159.68
5/1/13,158.28
5/2/13,159.75
5/3/13,161.37
5/6/13,161.78
5/7/13,162.6
5/8/13,163.34
5/9/13,162.88
5/10/13,163.41
5/13/13,163.54
5/14/13,165.23
5/15/13,166.12
5/16/13,165.34
5/17/13,166.94
5/20/13,166.93
5/21/13,167.17
5/22/13,165.93
5/23/13,165.45
5/24/13,165.31
5/28/13,166.3
5/29/13,165.22
5/30/13,165.83
5/31/13,163.45
6/3/13,164.35
6/4/13,163.56
6/5/13,161.27
6/6/13,162.73
6/7/13,164.8
6/10/13,164.8
6/11/13,163.1
6/12/13,161.75
6/13/13,164.21
6/14/13,163.18
6/17/13,164.44
6/18/13,165.74
6/19/13,163.45
6/20/13,159.4
6/21/13,159.07
6/24/13,157.06
6/25/13,158.57
6/26/13,160.14
6/27/13,161.08
6/28/13,160.42
7/1/13,161.36
7/2/13,161.21
7/3/13,161.28
7/5/13,163.02
7/8/13,163.95
7/9/13,165.13
7/10/13,165.19
7/11/13,167.44
7/12/13,167.51
7/15/13,168.15
7/16/13,167.52
7/17/13,167.95
7/18/13,168.87
7/19/13,169.17
7/22/13,169.5
7/23/13,169.14
7/24/13,168.52
7/25/13,168.93
7/26/13,169.11
7/29/13,168.59
7/30/13,168.59
7/31/13,168.71
8/1/13,170.66
8/2/13,170.95
8/5/13,170.7
8/6/13,169.73
8/7/13,169.18
8/8/13,169.8
8/9/13,169.31
8/12/13,169.11
8/13/13,169.61
8/14/13,168.74
8/15/13,166.38
8/16/13,165.83
8/19/13,164.77
8/20/13,165.58
8/21/13,164.56
8/22/13,166.06
8/23/13,166.62
8/26/13,166
8/27/13,163.33
8/28/13,163.91
8/29/13,164.17
8/30/13,163.65
9/3/13,164.39
9/4/13,165.75
9/5/13,165.96
9/6/13,166.04
9/9/13,167.63
9/10/13,168.87
9/11/13,169.4
9/12/13,168.95
9/13/13,169.33
9/16/13,170.31
9/17/13,171.07
9/18/13,173.05
9/19/13,172.76
9/20/13,170.72
9/23/13,169.93
9/24/13,169.53
9/25/13,169.04
9/26/13,169.69
9/27/13,168.91
9/30/13,168.01
10/1/13,169.34
10/2/13,169.18
10/3/13,167.62
10/4/13,168.89
10/7/13,167.43
10/8/13,165.48
10/9/13,165.6
10/10/13,169.17
10/11/13,170.26
10/14/13,170.94
10/15/13,169.7
10/16/13,172.07
10/17/13,173.22
10/18/13,174.39
10/21/13,174.4
10/22/13,175.41
10/23/13,174.57
10/24/13,175.15
10/25/13,175.95
10/28/13,176.23
10/29/13,177.17
10/30/13,176.29
10/31/13,175.79
11/1/13,176.21
11/4/13,176.83
11/5/13,176.27
11/6/13,177.17
11/7/13,174.93
11/8/13,177.29
11/11/13,177.32
11/12/13,176.96
11/13/13,178.38
11/14/13,179.27
11/15/13,180.05
11/18/13,179.42
11/19/13,179.03
11/20/13,178.47
11/21/13,179.91
11/22/13,180.81
11/25/13,180.63
11/26/13,180.68
11/27/13,181.12
11/29/13,181
12/2/13,180.53
12/3/13,179.75
12/4/13,179.73
12/5/13,178.94
12/6/13,180.94
12/9/13,181.4
12/10/13,180.75
12/11/13,178.72
12/12/13,178.13
12/13/13,178.11
12/16/13,179.22
12/17/13,178.65
12/18/13,181.7
12/19/13,181.49
12/20/13,181.56
12/23/13,182.53
12/24/13,182.93
12/26/13,183.86
12/27/13,183.85
12/30/13,183.82
12/31/13,184.69
1/2/14,182.92
1/3/14,182.89
1/6/14,182.36
1/7/14,183.48
1/8/14,183.52
1/9/14,183.64
1/10/14,184.14
1/13/14,181.69
1/14/14,183.67
1/15/14,184.66
1/16/14,184.42
1/17/14,183.64
1/21/14,184.18
1/22/14,184.3
1/23/14,182.79
1/24/14,178.89
1/27/14,178.01
1/28/14,179.07
1/29/14,177.35
1/30/14,179.23
1/31/14,178.18
2/3/14,174.17
2/4/14,175.39
2/5/14,175.17
2/6/14,177.48
2/7/14,179.68
2/10/14,180.01
2/11/14,181.98
2/12/14,182.07
2/13/14,183.01
2/14/14,184.02
2/18/14,184.24
2/19/14,183.02
2/20/14,184.1
2/21/14,183.89
2/24/14,184.91
2/25/14,184.84
2/26/14,184.85
2/27/14,185.82
2/28/14,186.29
3/3/14,184.98
3/4/14,187.58
3/5/14,187.75
3/6/14,188.18
3/7/14,188.26
3/10/14,188.16
3/11/14,187.23
3/12/14,187.28
3/13/14,185.18
3/14/14,184.66
3/17/14,186.33
3/18/14,187.66
3/19/14,186.66
3/20/14,187.75
3/21/14,186.2
3/24/14,185.43
3/25/14,186.31
3/26/14,184.97
3/27/14,184.58
3/28/14,185.49
3/31/14,187.01
4/1/14,188.25
4/2/14,188.88
4/3/14,188.63
4/4/14,186.4
4/7/14,184.34
4/8/14,185.1
4/9/14,187.09
4/10/14,183.16
4/11/14,181.51
4/14/14,182.94
4/15/14,184.2
4/16/14,186.13
4/17/14,186.39
4/21/14,187.04
4/22/14,187.89
4/23/14,187.45
4/24/14,187.83
4/25/14,186.29
4/28/14,186.88
4/29/14,187.75
4/30/14,188.31
5/1/14,188.33
5/2/14,188.06
5/5/14,188.42
5/6/14,186.78
5/7/14,187.88
5/8/14,187.68
5/9/14,187.96
5/12/14,189.79
5/13/14,189.96
5/14/14,189.06
5/15/14,187.4
5/16/14,188.05
5/19/14,188.74
5/20/14,187.55
5/21/14,189.13
5/22/14,189.59
5/23/14,190.35
5/27/14,191.52
5/28/14,191.38
5/29/14,192.37
5/30/14,192.68
6/2/14,192.9
6/3/14,192.8
6/4/14,193.19
6/5/14,194.45
6/6/14,195.38
6/9/14,195.58
6/10/14,195.6
6/11/14,194.92
6/12/14,193.54
6/13/14,194.13
6/16/14,194.29
6/17/14,194.83
6/18/14,196.26
6/19/14,196.48
6/20/14,195.94
6/23/14,195.88
6/24/14,194.7
6/25/14,195.58
6/26/14,195.44
6/27/14,195.82
6/30/14,195.72
7/1/14,197.03
7/2/14,197.23
7/3/14,198.2
7/7/14,197.51
7/8/14,196.24
7/9/14,197.12
7/10/14,196.34
7/11/14,196.61
7/14/14,197.6
7/15/14,197.23
7/16/14,197.96
7/17/14,195.71
7/18/14,197.71
7/21/14,197.34
7/22/14,198.2
7/23/14,198.64
7/24/14,198.65
7/25/14,197.72
7/28/14,197.8
7/29/14,196.95
7/30/14,196.98
7/31/14,193.09
8/1/14,192.5
8/4/14,193.89
8/5/14,192.01
8/6/14,192.07
8/7/14,191.03
8/8/14,193.24
8/11/14,193.8
8/12/14,193.53
8/13/14,194.84
8/14/14,195.76
8/15/14,195.72
8/18/14,197.36
8/19/14,198.39
8/20/14,198.92
8/21/14,199.5
8/22/14,199.19
8/25/14,200.2
8/26/14,200.33
8/27/14,200.25
8/28/14,200.14
8/29/14,200.71
9/2/14,200.61
9/3/14,200.5
9/4/14,200.21
9/5/14,201.11
9/8/14,200.59
9/9/14,199.32
9/10/14,200.07
9/11/14,200.3
9/12/14,199.13
9/15/14,198.98
9/16/14,200.48
9/17/14,200.75
9/18/14,201.82
9/19/14,200.7
9/22/14,199.15
9/23/14,198.01
9/24/14,199.56
9/25/14,196.34
9/26/14,197.9
9/29/14,197.54
9/30/14,197.02
10/1/14,194.35
10/2/14,194.38
10/3/14,196.52
10/6/14,196.29
10/7/14,193.26
10/8/14,196.64
10/9/14,192.74
10/10/14,190.54
10/13/14,187.41
10/14/14,187.7
10/15/14,186.43
10/16/14,186.27
10/17/14,188.47
10/20/14,190.3
10/21/14,194.07
10/22/14,192.69
10/23/14,194.93
10/24/14,196.43
10/27/14,196.16
10/28/14,198.41
10/29/14,198.11
10/30/14,199.38
10/31/14,201.66
11/3/14,201.77
11/4/14,201.07
11/5/14,202.34
11/6/14,203.15
11/7/14,203.34
11/10/14,203.98
11/11/14,204.18
11/12/14,203.96
11/13/14,204.19
11/14/14,204.24
11/17/14,204.37
11/18/14,205.55
11/19/14,205.22
11/20/14,205.58
11/21/14,206.68
11/24/14,207.26
11/25/14,207.11
11/26/14,207.64
11/28/14,207.2
12/1/14,205.76
12/2/14,207.09
12/3/14,207.89
12/4/14,207.66
12/5/14,208
12/8/14,206.61
12/9/14,206.47
12/10/14,203.16
12/11/14,204.19
12/12/14,200.89
12/15/14,199.51
12/16/14,197.91
12/17/14,201.79
12/18/14,206.78
12/19/14,206.52
12/22/14,207.47
12/23/14,207.75
12/24/14,207.77
12/26/14,208.44
12/29/14,208.72
12/30/14,207.6
12/31/14,205.54
1/2/15,205.43
1/5/15,201.72
1/6/15,199.82
1/7/15,202.31
1/8/15,205.9
1/9/15,204.25
1/12/15,202.65
1/13/15,202.08
1/14/15,200.86
1/15/15,199.02
1/16/15,201.63
1/20/15,202.06
1/21/15,203.08
1/22/15,206.1
1/23/15,204.97
1/26/15,205.45
1/27/15,202.74
1/28/15,200.14
1/29/15,201.99
1/30/15,199.45
2/2/15,201.92
2/3/15,204.84
2/4/15,204.06
2/5/15,206.12
2/6/15,205.55
2/9/15,204.63
2/10/15,206.81
2/11/15,206.93
2/12/15,208.92
2/13/15,209.78
2/17/15,210.11
2/18/15,210.13
2/19/15,209.98
2/20/15,211.24
2/23/15,211.21
2/24/15,211.81
2/25/15,211.63
2/26/15,211.38
2/27/15,210.66
3/2/15,211.99
3/3/15,211.12
3/4/15,210.23
3/5/15,210.46
3/6/15,207.5
3/9/15,208.36
3/10/15,204.98
3/11/15,204.5
3/12/15,207.1
3/13/15,205.83
3/16/15,208.58
3/17/15,207.96
3/18/15,210.46
3/19/15,209.5
3/20/15,210.41
3/23/15,210
3/24/15,208.82
3/25/15,205.76
3/26/15,205.27
3/27/15,205.74
3/30/15,208.25
3/31/15,206.43
4/1/15,205.7
4/2/15,206.44
4/6/15,207.83
4/7/15,207.28
4/8/15,207.98
4/9/15,208.9
4/10/15,210.04
4/13/15,209.09
4/14/15,209.49
4/15/15,210.43
4/16/15,210.37
4/17/15,207.95
4/20/15,209.85
4/21/15,209.6
4/22/15,210.63
4/23/15,211.16
4/24/15,211.65
4/27/15,210.77
4/28/15,211.44
4/29/15,210.57
4/30/15,208.46
5/1/15,210.72
5/4/15,211.32
5/5/15,208.9
5/6/15,208.04
5/7/15,208.87
5/8/15,211.62
5/11/15,210.61
5/12/15,209.98
5/13/15,210.02
5/14/15,212.21
5/15/15,212.44
5/18/15,213.1
5/19/15,213.03
5/20/15,212.88
5/21/15,213.5
5/22/15,212.99
5/26/15,210.7
5/27/15,212.7
5/28/15,212.46
5/29/15,211.14
6/1/15,211.57
6/2/15,211.36
6/3/15,211.92
6/4/15,210.13
6/5/15,209.77
6/8/15,208.42
6/9/15,208.45
6/10/15,210.96
6/11/15,211.65
6/12/15,209.93
6/15/15,209.1
6/16/15,210.25
6/17/15,210.59
6/18/15,212.71
6/19/15,210.81
6/22/15,211.89
6/23/15,212.05
6/24/15,210.51
6/25/15,209.83
6/26/15,209.9
6/29/15,205.47
6/30/15,205.89
7/1/15,207.57
7/2/15,207.32
7/6/15,206.67
7/7/15,208.01
7/8/15,204.53
7/9/15,204.8
7/10/15,207.48
7/13/15,209.76
7/14/15,210.72
7/15/15,210.63
7/16/15,212.27
7/17/15,212.47
7/20/15,212.62
7/21/15,211.76
7/22/15,211.29
7/23/15,210.14
7/24/15,207.94
7/27/15,206.74
7/28/15,209.31
7/29/15,210.77
7/30/15,210.82
7/31/15,210.45
8/3/15,209.73
8/4/15,209.32
8/5/15,210.1
8/6/15,208.35
8/7/15,207.92
8/10/15,210.63
8/11/15,208.66
8/12/15,208.92
8/13/15,208.7
8/14/15,209.36
8/17/15,210.56
8/18/15,209.93
8/19/15,208.28
8/20/15,204.01
8/21/15,197.63
8/24/15,189.5
8/25/15,187.23
8/26/15,194.68
8/27/15,199.16
8/28/15,199.24
8/31/15,197.54
9/1/15,191.77
9/2/15,195.41
9/3/15,195.65
9/4/15,192.59
9/8/15,197.46
9/9/15,194.76
9/10/15,195.85
9/11/15,196.74
9/14/15,195.98
9/15/15,198.45
9/16/15,200.14
9/17/15,199.7
9/18/15,195.36
9/21/15,196.44
9/22/15,193.9
9/23/15,193.6
9/24/15,192.93
9/25/15,192.87
9/28/15,187.91
9/29/15,188.08
9/30/15,191.59
10/1/15,192.13
10/2/15,195
10/5/15,198.47
10/6/15,197.79
10/7/15,199.41
10/8/15,201.21
10/9/15,201.33
10/12/15,201.52
10/13/15,200.25
10/14/15,199.29
10/15/15,202.35
10/16/15,203.27
10/19/15,203.37
10/20/15,203.11
10/21/15,201.85
10/22/15,205.21
10/23/15,207.52
10/26/15,206.99
10/27/15,206.57
10/28/15,208.94
10/29/15,208.89
10/30/15,207.93
11/2/15,210.39
11/3/15,211
11/4/15,210.38
11/5/15,210.15
11/6/15,210.04
11/9/15,208.08
11/10/15,208.56
11/11/15,207.74
11/12/15,204.84
11/13/15,202.54
11/16/15,205.62
11/17/15,205.47
11/18/15,208.73
11/19/15,208.55
11/20/15,209.31
11/23/15,209.07
11/24/15,209.35
11/25/15,209.32
11/27/15,209.56
11/30/15,208.69
12/1/15,210.68
12/2/15,208.53
12/3/15,205.61
12/4/15,209.62
12/7/15,208.35
12/8/15,206.95
12/9/15,205.34
12/10/15,205.87
12/11/15,201.88
12/14/15,202.9
12/15/15,205.03
12/16/15,208.03
12/17/15,204.86
12/18/15,200.02
12/21/15,201.67
12/22/15,203.5
12/23/15,206.02
12/24/15,205.68
12/28/15,205.21
12/29/15,207.4
12/30/15,205.93
12/31/15,203.87
1/4/16,201.02
1/5/16,201.36
1/6/16,198.82
1/7/16,194.05
1/8/16,191.92
1/11/16,192.11
1/12/16,193.66
1/13/16,188.83
1/14/16,191.93
1/15/16,187.81
1/19/16,188.06
1/20/16,185.65
1/21/16,186.69
1/22/16,190.52
1/25/16,187.64
1/26/16,190.2
1/27/16,188.13
1/28/16,189.11
1/29/16,193.72
2/1/16,193.65
2/2/16,190.16
2/3/16,191.3
2/4/16,191.6
2/5/16,187.95
2/8/16,185.42
2/9/16,185.43
2/10/16,185.27
2/11/16,182.86
2/12/16,186.63
2/16/16,189.78
2/17/16,192.88
2/18/16,192.09
2/19/16,192
2/22/16,194.78
2/23/16,192.32
2/24/16,193.2
2/25/16,195.54
2/26/16,195.09
2/29/16,193.56
3/1/16,198.11
3/2/16,199
3/3/16,199.78
3/4/16,200.43
3/7/16,200.59
3/8/16,198.4
3/9/16,199.38
3/10/16,199.54
3/11/16,202.76
3/14/16,202.5
3/15/16,202.17
3/16/16,203.34
3/17/16,204.63
3/18/16,204.38
3/21/16,204.67
3/22/16,204.56
3/23/16,203.21
3/24/16,203.12
3/28/16,203.24
3/29/16,205.12
3/30/16,206.02
3/31/16,205.52
4/1/16,206.92
4/4/16,206.25
4/5/16,204.19
4/6/16,206.42
4/7/16,203.95
4/8/16,204.5
4/11/16,204.02
4/12/16,205.92
4/13/16,208
4/14/16,208.01
4/15/16,207.78
4/18/16,209.24
4/19/16,209.9
4/20/16,210.1
4/21/16,208.97
4/22/16,208.97
4/25/16,208.61
4/26/16,208.92
4/27/16,209.35
4/28/16,207.45
4/29/16,206.33
5/2/16,207.97
5/3/16,206.16
5/4/16,205.01
5/5/16,204.97
5/6/16,205.72
5/9/16,205.89
5/10/16,208.45
5/11/16,206.5
5/12/16,206.56
5/13/16,204.76
5/16/16,206.78
5/17/16,204.85
5/18/16,204.91
5/19/16,204.2
5/20/16,205.49
5/23/16,205.21
5/24/16,207.87
5/25/16,209.28
5/26/16,209.34
5/27/16,210.24
5/31/16,209.84
6/1/16,210.27
6/2/16,210.91
6/3/16,210.28
6/6/16,211.35
6/7/16,211.68
6/8/16,212.37
6/9/16,212.08
6/10/16,210.07
6/13/16,208.45
6/14/16,208.04
6/15/16,207.75
6/16/16,208.37
6/17/16,206.52
6/20/16,207.85
6/21/16,208.44
6/22/16,208.1
6/23/16,210.81
6/24/16,203.24
6/27/16,199.6
6/28/16,203.2
6/29/16,206.66
6/30/16,209.48
7/1/16,209.92
7/5/16,208.41
7/6/16,209.66
7/7/16,209.53
7/8/16,212.65
7/11/16,213.4
7/12/16,214.95
7/13/16,214.92
7/14/16,216.12
7/15/16,215.83
7/18/16,216.41
7/19/16,216.19
7/20/16,217.09
7/21/16,216.27
7/22/16,217.24
7/25/16,216.65
7/26/16,216.75
7/27/16,216.52
7/28/16,216.77
7/29/16,217.12
8/1/16,216.94
8/2/16,215.55
8/3/16,216.18
8/4/16,216.41
8/5/16,218.18
8/8/16,218.05
8/9/16,218.18
8/10/16,217.64
8/11/16,218.65
8/12/16,218.46
8/15/16,219.09
8/16/16,217.96
8/17/16,218.37
8/18/16,218.86
8/19/16,218.54
8/22/16,218.53
8/23/16,218.97
8/24/16,217.85
8/25/16,217.7
8/26/16,217.29
8/29/16,218.36
8/30/16,218
8/31/16,217.38
9/1/16,217.39
9/2/16,218.37
9/6/16,219.03
9/7/16,219.01
9/8/16,218.51
9/9/16,213.28
9/12/16,216.34
9/13/16,213.23
9/14/16,213.15
9/15/16,215.28
9/16/16,213.37
9/19/16,213.41
9/20/16,213.42
9/21/16,215.82
9/22/16,217.18
9/23/16,215.99
9/26/16,214.24
9/27/16,215.57
9/28/16,216.64
9/29/16,214.68
9/30/16,216.3
10/3/16,215.78
10/4/16,214.68
10/5/16,215.63
10/6/16,215.78
10/7/16,215.04
10/10/16,216.16
10/11/16,213.43
10/12/16,213.71
10/13/16,213.01
10/14/16,213.12
10/17/16,212.38
10/18/16,213.71
10/19/16,214.28
10/20/16,213.88
10/21/16,213.98
10/24/16,214.89
10/25/16,214.17
10/26/16,213.74
10/27/16,213.17
10/28/16,212.54
10/31/16,212.55
11/1/16,211.01
11/2/16,209.74
11/3/16,208.78
11/4/16,208.55
11/7/16,213.15
11/8/16,214.11
11/9/16,216.38
11/10/16,216.92
11/11/16,216.42
11/14/16,216.59
11/15/16,218.28
11/16/16,217.87
11/17/16,218.99
11/18/16,218.5
11/21/16,220.15
11/22/16,220.58
11/23/16,220.7
11/25/16,221.52
11/28/16,220.48
11/29/16,220.91
11/30/16,220.38
12/1/16,219.57
12/2/16,219.68
12/5/16,221
12/6/16,221.7
12/7/16,224.6
12/8/16,225.15
12/9/16,226.51
12/12/16,226.25
12/13/16,227.76
12/14/16,225.88
12/15/16,226.81
12/16/16,225.04
12/19/16,225.53
12/20/16,226.4
12/21/16,225.77
12/22/16,225.38
12/23/16,225.71
12/27/16,226.27
12/28/16,224.4
12/29/16,224.35
12/30/16,223.53
1/3/17,225.24
1/4/17,226.58
1/5/17,226.4
1/6/17,227.21
1/9/17,226.46
1/10/17,226.46
1/11/17,227.1
1/12/17,226.53
1/13/17,227.05
1/17/17,226.25
1/18/17,226.75
1/19/17,225.91
1/20/17,226.74
1/23/17,226.15
1/24/17,227.6
1/25/17,229.57
1/26/17,229.33
1/27/17,228.97
1/30/17,227.55
1/31/17,227.53
2/1/17,227.62
2/2/17,227.77
2/3/17,229.34
2/6/17,228.93
2/7/17,228.94
2/8/17,229.24
2/9/17,230.6
2/10/17,231.51
2/13/17,232.77
2/14/17,233.7
2/15/17,234.92
2/16/17,234.72
2/17/17,235.09
2/21/17,236.49
2/22/17,236.28
2/23/17,236.44
2/24/17,236.74
2/27/17,237.11
2/28/17,236.47
3/1/17,239.78
3/2/17,238.27
3/3/17,238.42
3/6/17,237.71
3/7/17,237
3/8/17,236.56
3/9/17,236.86
3/10/17,237.69
3/13/17,237.81
3/14/17,236.9
3/15/17,238.95
3/16/17,238.48
3/17/17,237.03
3/20/17,236.77
3/21/17,233.73
3/22/17,234.28
3/23/17,234.03
3/24/17,233.86
3/27/17,233.62
3/28/17,235.32
3/29/17,235.54
3/30/17,236.29
3/31/17,235.74
4/3/17,235.33
4/4/17,235.48
4/5/17,234.78
4/6/17,235.44
4/7/17,235.2
4/10/17,235.34
4/11/17,235.06
4/12/17,234.03
4/13/17,232.51
4/17/17,234.57
4/18/17,233.87
4/19/17,233.44
4/20/17,235.34
4/21/17,234.59
4/24/17,237.17
4/25/17,238.55
4/26/17,238.4
4/27/17,238.6
4/28/17,238.08
5/1/17,238.68
5/2/17,238.77
5/3/17,238.48
5/4/17,238.76
5/5/17,239.7
5/8/17,239.66
5/9/17,239.44
5/10/17,239.87
5/11/17,239.38
5/12/17,238.98
5/15/17,240.3
5/16/17,240.08
5/17/17,235.82
5/18/17,236.77
5/19/17,238.31
5/22/17,239.52
5/23/17,240.05
5/24/17,240.61
5/25/17,241.76
5/26/17,241.71
5/30/17,241.5
5/31/17,241.44
6/1/17,243.36
6/2/17,244.17
6/5/17,243.99
6/6/17,243.21
6/7/17,243.66
6/8/17,243.78
6/9/17,243.41
6/12/17,243.36
6/13/17,244.55
6/14/17,244.24
6/15/17,243.77
6/16/17,242.64
6/19/17,244.66
6/20/17,243.01
6/21/17,242.95
6/22/17,242.84
6/23/17,243.13
6/26/17,243.29
6/27/17,241.33
6/28/17,243.49
6/29/17,241.35
6/30/17,241.8
7/3/17,242.21
7/5/17,242.77
7/6/17,240.55
7/7/17,242.11
7/10/17,242.37
7/11/17,242.19
7/12/17,244.01
7/13/17,244.42
7/14/17,245.56
7/17/17,245.53
7/18/17,245.66
7/19/17,246.99
7/20/17,247.1
7/21/17,246.88
7/24/17,246.82
7/25/17,247.42
7/26/17,247.43
7/27/17,247.2
7/28/17,246.91
7/31/17,246.77
8/1/17,247.32
8/2/17,247.44
8/3/17,246.96
8/4/17,247.41
8/7/17,247.87
8/8/17,247.26
8/9/17,247.25
8/10/17,243.76
8/11/17,244.12
8/14/17,246.54
8/15/17,246.51
8/16/17,246.94
8/17/17,243.09
8/18/17,242.71
8/21/17,242.9
8/22/17,245.44
8/23/17,244.56
8/24/17,243.99
8/25/17,244.56
8/28/17,244.57
8/29/17,244.85
8/30/17,246.01
8/31/17,247.49
9/1/17,247.84
9/5/17,246.06
9/6/17,246.9
9/7/17,246.87
9/8/17,246.58
9/11/17,249.21
9/12/17,250.05
9/13/17,250.17
9/14/17,250.09
9/15/17,249.19
9/18/17,249.72
9/19/17,249.97
9/20/17,250.06
9/21/17,249.39
9/22/17,249.44
9/25/17,248.93
9/26/17,249.08
9/27/17,250.05
9/28/17,250.35
9/29/17,251.23
10/2/17,252.32
10/3/17,252.86
10/4/17,253.16
10/5/17,254.66
10/6/17,254.37
10/9/17,253.95
10/10/17,254.62
10/11/17,255.02
10/12/17,254.64
10/13/17,254.95
10/16/17,255.29
10/17/17,255.47
10/18/17,255.72
10/19/17,255.79
10/20/17,257.11
10/23/17,256.11
10/24/17,256.56
10/25/17,255.29
10/26/17,255.62
10/27/17,257.71
10/30/17,256.75
10/31/17,257.15
11/1/17,257.49
11/2/17,257.59
11/3/17,258.45
11/6/17,258.85
11/7/17,258.67
11/8/17,259.11
11/9/17,258.17
11/10/17,258.09
11/13/17,258.33
11/14/17,257.73
11/15/17,256.44
11/16/17,258.62
11/17/17,257.86
11/20/17,258.3
11/21/17,259.99
11/22/17,259.76
11/24/17,260.36
11/27/17,260.23
11/28/17,262.87
11/29/17,262.71
11/30/17,265.01
12/1/17,264.46
12/4/17,264.14
12/5/17,263.19
12/6/17,263.24
12/7/17,264.07
12/8/17,265.51
12/11/17,266.31
12/12/17,266.78
12/13/17,266.75
12/14/17,265.66
12/15/17,266.51
12/18/17,268.2
12/19/17,267.17
12/20/17,267.03
12/21/17,267.58
12/22/17,267.51
12/26/17,267.19
12/27/17,267.32
12/28/17,267.87
12/29/17,266.86
1/2/18,268.77
1/3/18,270.47
1/4/18,271.61
1/5/18,273.42
1/8/18,273.92
1/9/18,274.54
1/10/18,274.12
1/11/18,276.12
1/12/18,277.92
1/16/18,276.97
1/17/18,279.61
1/18/18,279.14
1/19/18,280.41
1/22/18,282.69
1/23/18,283.29
1/24/18,283.18
1/25/18,283.3
1/26/18,286.58
1/29/18,284.68
1/30/18,281.76
1/31/18,281.9
2/1/18,281.58
2/2/18,275.45
2/5/18,263.93
2/6/18,269.13
2/7/18,267.67
2/8/18,257.63
2/9/18,261.5
2/12/18,265.34
2/13/18,266
2/14/18,269.59
2/15/18,273.03
2/16/18,273.11
2/20/18,271.4
2/21/18,270.05
2/22/18,270.4
2/23/18,274.71
2/26/18,277.9
2/27/18,274.43
2/28/18,271.65
3/1/18,267.7
3/2/18,269.08
3/5/18,272.19
3/6/18,272.88
3/7/18,272.78
3/8/18,274.1
3/9/18,278.87
3/12/18,278.52
3/13/18,276.72
3/14/18,275.3
3/15/18,275
3/16/18,274.2
3/19/18,270.49
3/20/18,270.95
3/21/18,270.43
3/22/18,263.67
3/23/18,258.05
3/26/18,265.11
3/27/18,260.6
3/28/18,259.83
3/29/18,263.15
4/2/18,257.47
4/3/18,260.77
4/4/18,263.56
4/5/18,265.64
4/6/18,259.72
4/9/18,261
4/10/18,265.15
4/11/18,263.76
4/12/18,265.93
4/13/18,265.15
4/16/18,267.33
4/17/18,270.19
4/18/18,270.39
4/19/18,268.89
4/20/18,266.61
4/23/18,266.57
4/24/18,262.98
4/25/18,263.63
4/26/18,266.31
4/27/18,266.56
4/30/18,264.51
5/1/18,264.98
5/2/18,263.2
5/3/18,262.62
5/4/18,266.02
5/7/18,266.92
5/8/18,266.92
5/9/18,269.5
5/10/18,272.02
5/11/18,272.85
5/14/18,272.98
5/15/18,271.1
5/16/18,272.24
5/17/18,272.01
5/18/18,271.33
5/21/18,273.37
5/22/18,272.61
5/23/18,273.36
5/24/18,272.8
5/25/18,272.15
5/29/18,269.02
5/30/18,272.61
5/31/18,270.94
6/1/18,273.6
6/4/18,274.9
6/5/18,275.1
6/6/18,277.4
6/7/18,277.37
6/8/18,278.19
6/11/18,278.56
6/12/18,278.92
6/13/18,278.03
6/14/18,278.73
6/15/18,277.13
6/18/18,276.56
6/19/18,275.5
6/20/18,275.97
6/21/18,274.24
6/22/18,274.74
6/25/18,271
6/26/18,271.6
6/27/18,269.35
6/28/18,270.89
6/29/18,271.28
7/2/18,271.86
7/3/18,270.9
7/5/18,273.11
7/6/18,275.42
7/9/18,277.9
7/10/18,278.9
7/11/18,276.86
7/12/18,279.37
7/13/18,279.59
7/16/18,279.34
7/17/18,280.47
7/18/18,281.06
7/19/18,280
7/20/18,279.68
7/23/18,280.2
7/24/18,281.61
7/25/18,284.01
7/26/18,283.34
7/27/18,281.42
7/30/18,279.95
7/31/18,281.33
8/1/18,280.86
8/2/18,282.39
8/3/18,283.6
8/6/18,284.64
8/7/18,285.58
8/8/18,285.46
8/9/18,285.07
8/10/18,283.16
8/13/18,282.1
8/14/18,283.9
8/15/18,281.78
8/16/18,284.06
8/17/18,285.06
8/20/18,285.67
8/21/18,286.34
8/22/18,286.17
8/23/18,285.79
8/24/18,287.51
8/27/18,289.78
8/28/18,289.92
8/29/18,291.48
8/30/18,290.3
8/31/18,290.31
9/4/18,289.81
9/5/18,289.03
9/6/18,288.16
9/7/18,287.6
9/10/18,288.1
9/11/18,289.05
9/12/18,289.12
9/13/18,290.83
9/14/18,290.88
9/17/18,289.34
9/18/18,290.91
9/19/18,291.22
9/20/18,293.58
9/21/18,291.99
9/24/18,291.02
9/25/18,290.75
9/26/18,289.88
9/27/18,290.69
9/28/18,290.72
10/1/18,291.73
10/2/18,291.56
10/3/18,291.72
10/4/18,289.44
10/5/18,287.82
10/8/18,287.82
10/9/18,287.4
10/10/18,278.3
10/11/18,272.17
10/12/18,275.95
10/15/18,274.4
10/16/18,280.4
10/17/18,280.45
10/18/18,276.4
10/19/18,276.25
10/22/18,275.01
10/23/18,273.61
10/24/18,265.32
10/25/18,270.08
10/26/18,265.33
10/29/18,263.86
10/30/18,267.77
10/31/18,270.63
11/1/18,273.51
11/2/18,271.89
11/5/18,273.39
11/6/18,275.12
11/7/18,281.01
11/8/18,280.5
11/9/18,277.76
11/12/18,272.57
11/13/18,272.06
11/14/18,270.2
11/15/18,273.02
11/16/18,273.73
11/19/18,269.1
11/20/18,264.12
11/21/18,265.02
11/23/18,263.25
11/26/18,267.5
11/27/18,268.4
11/28/18,274.58
11/29/18,273.98
11/30/18,275.65
12/3/18,279.3
12/4/18,270.25
12/6/18,269.84
12/7/18,263.57
12/10/18,264.07
12/11/18,264.13
12/12/18,265.46
12/13/18,265.37
12/14/18,260.47
12/17/18,255.36
12/18/18,255.08
12/19/18,251.26
12/20/18,247.17
12/21/18,240.7
12/24/18,234.34
12/26/18,246.18
12/27/18,248.07
12/28/18,247.75
12/31/18,249.92
1/2/19,250.18
1/3/19,244.21
1/4/19,252.39
1/7/19,254.38
1/8/19,256.77
1/9/19,257.97
1/10/19,258.88
1/11/19,258.98
1/14/19,257.4
1/15/19,260.35
1/16/19,260.98
1/17/19,262.96
1/18/19,266.46
1/22/19,262.86
1/23/19,263.41
1/24/19,263.55
1/25/19,265.78
1/28/19,263.76
1/29/19,263.41
1/30/19,267.58
1/31/19,269.93
2/1/19,270.06
2/4/19,271.96
2/5/19,273.1
2/6/19,272.74
2/7/19,270.14
2/8/19,270.47
2/11/19,270.62
2/12/19,274.1
2/13/19,274.99
2/14/19,274.38
2/15/19,277.37
2/19/19,277.85
2/20/19,278.41
2/21/19,277.42
2/22/19,279.14
2/25/19,279.52
2/26/19,279.32
2/27/19,279.2
2/28/19,278.68
3/1/19,280.42
3/4/19,279.4
3/5/19,279.02
3/6/19,277.33
3/7/19,275.01
3/8/19,274.46
3/11/19,278.44
3/12/19,279.49
3/13/19,281.34
3/14/19,281.16
3/15/19,281.31
3/18/19,282.33
3/19/19,282.4
3/20/19,281.55
3/21/19,284.73
3/22/19,279.25
3/25/19,279.04
3/26/19,281.12
3/27/19,279.65
3/28/19,280.71
3/29/19,282.48
4/1/19,285.83
4/2/19,285.97
4/3/19,286.42
4/4/19,287.18
4/5/19,288.57
4/8/19,288.79
4/9/19,287.31
4/10/19,288.29
4/11/19,288.21
4/12/19,290.16
4/15/19,289.97
4/16/19,290.16
4/17/19,289.45
4/18/19,290.02
4/22/19,290.27
4/23/19,292.88
4/24/19,292.23
4/25/19,292.05
4/26/19,293.41
4/29/19,293.87
4/30/19,294.02
5/1/19,291.81
5/2/19,291.18
5/3/19,294.03
5/6/19,292.82
5/7/19,287.93
5/8/19,287.53
5/9/19,286.66
5/10/19,288.1
5/13/19,280.86
5/14/19,283.4
5/15/19,285.06
5/16/19,287.7
5/17/19,285.84
5/20/19,283.95
5/21/19,286.51
5/22/19,285.63
5/23/19,282.14
5/24/19,282.78
5/28/19,280.15
5/29/19,278.27
5/30/19,279.03
5/31/19,275.27
6/3/19,274.57
6/4/19,280.53
6/5/19,282.96
6/6/19,284.8
6/7/19,287.65
6/10/19,288.97
6/11/19,288.9
6/12/19,288.39
6/13/19,289.58
6/14/19,289.26
6/17/19,289.37
6/18/19,292.4
6/19/19,293.06
6/20/19,295.86
6/21/19,294
6/24/19,293.64
6/25/19,290.76
6/26/19,290.47
6/27/19,291.5
6/28/19,293
7/1/19,295.66
7/2/19,296.43
7/3/19,298.8
7/5/19,298.46
7/8/19,296.82
7/9/19,297.19
7/10/19,298.61
7/11/19,299.31
7/12/19,300.65
7/15/19,300.75
7/16/19,299.78
7/17/19,297.74
7/18/19,298.83
7/19/19,297.17
7/22/19,297.9
7/23/19,300.03
7/24/19,301.44
7/25/19,300
7/26/19,302.01
7/29/19,301.46
7/30/19,300.72
7/31/19,297.43
8/1/19,294.84
8/2/19,292.62
8/5/19,283.82
8/6/19,287.8
8/7/19,287.97
8/8/19,293.62
8/9/19,291.62
8/12/19,288.07
8/13/19,292.55
8/14/19,283.9
8/15/19,284.65
8/16/19,288.85
8/19/19,292.33
8/20/19,290.09
8/21/19,292.45
8/22/19,292.36
8/23/19,284.85
8/26/19,288
8/27/19,286.87
8/28/19,288.89
8/29/19,292.58
8/30/19,292.45
9/3/19,290.74
9/4/19,294.04
9/5/19,297.82
9/6/19,298.05
9/9/19,298.2
9/10/19,298.13
9/11/19,300.25
9/12/19,301.29
9/13/19,301.09
9/16/19,300.16
9/17/19,300.92
9/18/19,301.1
9/19/19,301.08
9/20/19,298.28
9/23/19,298.21
9/24/19,295.87
9/25/19,297.62
9/26/19,297
9/27/19,295.4
9/30/19,296.77
10/1/19,293.24
10/2/19,288.06
10/3/19,290.42
10/4/19,294.35
10/7/19,293.08
10/8/19,288.53
10/9/19,291.27
10/10/19,293.24
10/11/19,296.28
10/14/19,295.95
10/15/19,298.88
10/16/19,298.4
10/17/19,299.28
10/18/19,297.97
10/21/19,299.99
10/22/19,299.01
10/23/19,299.88
10/24/19,300.37
10/25/19,301.6
10/28/19,303.3
10/29/19,303.21
10/30/19,304.14
10/31/19,303.33
11/1/19,306.14
11/4/19,307.37
11/5/19,307.03
11/6/19,307.1
11/7/19,308.18
11/8/19,308.94
11/11/19,308.35
11/12/19,309
11/13/19,309.1
11/14/19,309.55
11/15/19,311.79
11/18/19,312.02
11/19/19,311.93
11/20/19,310.77
11/21/19,310.27
11/22/19,310.96
11/25/19,313.37
11/26/19,314.08
11/27/19,315.48
11/29/19,314.31
12/2/19,311.64
12/3/19,309.55
12/4/19,311.46
12/5/19,312.02
12/6/19,314.87
12/9/19,313.88
12/10/19,313.53
12/11/19,314.42
12/12/19,317.13
12/13/19,317.32
12/16/19,319.5
12/17/19,319.57
12/18/19,319.59
12/19/19,320.9
12/20/19,320.73
12/23/19,321.22
12/24/19,321.23
12/26/19,322.94
12/27/19,322.86
12/30/19,321.08
12/31/19,321.86
1/2/20,324.87
1/3/20,322.41
1/6/20,323.64
1/7/20,322.73
1/8/20,324.45
1/9/20,326.65
1/10/20,325.71
1/13/20,327.95
1/14/20,327.45
1/15/20,328.19
1/16/20,330.92
1/17/20,331.95
1/21/20,331.3
1/22/20,331.34
1/23/20,331.72
1/24/20,328.77
1/27/20,323.5
1/28/20,326.89
1/29/20,326.62
1/30/20,327.68
1/31/20,321.73
2/3/20,324.12
2/4/20,329.06
2/5/20,332.86
2/6/20,333.98
2/7/20,332.2
2/10/20,334.68
2/11/20,335.26
2/12/20,337.42
2/13/20,337.06
2/14/20,337.6
2/18/20,336.73
2/19/20,338.34
2/20/20,336.95
2/21/20,333.48
2/24/20,322.42
2/25/20,312.65
2/26/20,311.5
2/27/20,297.51
2/28/20,296.26
3/2/20,309.09
3/3/20,300.24
3/4/20,312.86
3/5/20,302.46
3/6/20,297.46
3/9/20,274.23
3/10/20,288.42
3/11/20,274.36
3/12/20,248.11
3/13/20,269.32
3/16/20,239.85
3/17/20,252.8
3/18/20,240
3/19/20,240.51
3/20/20,228.8
3/23/20,222.95
3/24/20,243.15
3/25/20,246.79
3/26/20,261.2
3/27/20,253.42
3/30/20,261.65
3/31/20,257.75
4/1/20,246.15
4/2/20,251.83
4/3/20,248.19
4/6/20,264.86
4/7/20,265.13
4/8/20,274.03
4/9/20,278.2
4/13/20,275.66
4/14/20,283.79
4/15/20,277.76
4/16/20,279.1
4/17/20,286.64
4/20/20,281.59
4/21/20,273.04
4/22/20,279.1
4/23/20,279.08
4/24/20,282.97
4/27/20,287.05
4/28/20,285.73
4/29/20,293.21
4/30/20,290.48
5/1/20,282.79
5/4/20,283.57
5/5/20,286.19
5/6/20,284.25
5/7/20,287.68
5/8/20,292.44
5/11/20,292.5
5/12/20,286.67
5/13/20,281.6
5/14/20,284.97
5/15/20,286.28
5/18/20,295
5/19/20,291.97
5/20/20,296.93
5/21/20,294.88
5/22/20,295.44
5/26/20,299.08
5/27/20,303.53
5/28/20,302.97
5/29/20,304.32
6/1/20,305.55
6/2/20,308.08
6/3/20,312.18
6/4/20,311.36
6/5/20,319.34
6/8/20,323.2
6/9/20,320.79
6/10/20,319
6/11/20,300.61
6/12/20,304.21
6/15/20,307.05
6/16/20,312.96
6/17/20,311.66
6/18/20,311.78
6/19/20,308.64
6/22/20,310.62
6/23/20,312.05
6/24/20,304.09
6/25/20,307.35
6/26/20,300.05
6/29/20,304.46
6/30/20,308.36
7/1/20,310.52
7/2/20,312.23
7/6/20,317.05
7/7/20,313.78
7/8/20,316.18
7/9/20,314.38
7/10/20,317.59
7/13/20,314.84
7/14/20,318.92
7/15/20,321.85
7/16/20,320.79
7/17/20,321.72
7/20/20,324.32
7/21/20,325.01
7/22/20,326.86
7/23/20,322.96
7/24/20,320.88
7/27/20,323.22
7/28/20,321.17
7/29/20,325.12
7/30/20,323.96
7/31/20,326.52
8/3/20,328.79
8/4/20,330.06
8/5/20,332.11
8/6/20,334.33
8/7/20,334.57
8/10/20,335.57
8/11/20,332.8
8/12/20,337.44
8/13/20,336.83
8/14/20,336.84
8/17/20,337.91
8/18/20,338.64
8/19/20,337.23
8/20/20,338.28
8/21/20,339.48
8/24/20,342.92
8/25/20,344.12
8/26/20,347.57
8/27/20,348.33
8/28/20,350.58
8/31/20,349.31
9/1/20,352.6
9/2/20,357.7
9/3/20,345.39
9/4/20,342.57
9/8/20,333.21
9/9/20,339.79
9/10/20,333.89
9/11/20,334.06
9/14/20,338.46
9/15/20,340.17
9/16/20,338.82
9/17/20,335.84
9/18/20,330.65
9/21/20,326.97
9/22/20,330.3
9/23/20,322.64
9/24/20,323.5
9/25/20,328.73
9/28/20,334.19
9/29/20,332.37
9/30/20,334.89
10/1/20,337.04
10/2/20,333.84
10/5/20,339.76
10/6/20,334.93
10/7/20,340.76
10/8/20,343.78
10/9/20,346.85
10/12/20,352.43
10/13/20,350.13
10/14/20,347.93
10/15/20,347.5
10/16/20,347.29
10/19/20,342.01
10/20/20,343.38
10/21/20,342.73
10/22/20,344.61
10/23/20,345.78
10/26/20,339.39
10/27/20,338.22
10/28/20,326.66
10/29/20,329.98
10/30/20,326.54
11/2/20,330.2
11/3/20,336.03
11/4/20,343.54
11/5/20,350.24
11/6/20,350.16
11/9/20,354.56
11/10/20,354.04
11/11/20,356.67
11/12/20,353.21
11/13/20,358.1
11/16/20,362.57
11/17/20,360.62
11/18/20,356.28
11/19/20,357.78
11/20/20,355.33
11/23/20,357.46
11/24/20,363.22
11/25/20,362.66
11/27/20,363.67
11/30/20,362.06
12/1/20,366.02
12/2/20,366.79
12/3/20,366.69
12/4/20,369.85
12/7/20,369.09
12/8/20,370.17
12/9/20,366.85
12/10/20,366.73
12/11/20,366.3
12/14/20,364.66
12/15/20,369.59
12/16/20,370.17
12/17/20,372.24
12/18/20,369.18
12/21/20,367.86
12/22/20,367.24
12/23/20,367.57
12/24/20,369
12/28/20,372.17
12/29/20,371.46
12/30/20,371.99
12/31/20,373.88
1/4/21,368.79
1/5/21,371.33
1/6/21,373.55
1/7/21,379.1
1/8/21,381.26
1/11/21,378.69
1/12/21,378.77
1/13/21,379.79
1/14/21,378.46
1/15/21,375.7
1/19/21,378.65
1/20/21,383.89
1/21/21,384.24
1/22/21,382.88
1/25/21,384.39
1/26/21,383.79
1/27/21,374.41
1/28/21,377.63
1/29/21,370.07
2/1/21,376.23
2/2/21,381.55
2/3/21,381.85
2/4/21,386.19
2/5/21,387.71
2/8/21,390.51
2/9/21,390.25
2/10/21,390.08
2/11/21,390.71
2/12/21,392.64
2/16/21,392.3
2/17/21,392.39
2/18/21,390.72
2/19/21,390.03
2/22/21,387.03
2/23/21,387.5
2/24/21,391.77
2/25/21,382.33
2/26/21,380.36
3/1/21,389.58
3/2/21,386.54
3/3/21,381.42
3/4/21,376.7
3/5/21,383.63
3/8/21,381.72
3/9/21,387.17
3/10/21,389.58
3/11/21,393.53
3/12/21,394.06
3/15/21,396.41
3/16/21,395.91
3/17/21,397.26
3/18/21,391.48
3/19/21,389.48
3/22/21,392.59
3/23/21,389.5
3/24/21,387.52
3/25/21,389.7
3/26/21,395.98
3/29/21,395.78
3/30/21,394.73
3/31/21,396.33
4/1/21,400.61
4/5/21,406.36
4/6/21,406.12
4/7/21,406.59
4/8/21,408.52
4/9/21,411.49
4/12/21,411.64
4/13/21,412.86
4/14/21,411.45
4/15/21,415.87
4/16/21,417.26
4/19/21,415.21
4/20/21,412.17
4/21/21,416.07
4/22/21,412.27
4/23/21,416.74
4/26/21,417.61
4/27/21,417.52
4/28/21,417.4
4/29/21,420.06
4/30/21,417.3
5/3/21,418.2
5/4/21,415.62
5/5/21,415.75
5/6/21,419.07
5/7/21,422.12
5/10/21,417.94
5/11/21,414.21
5/12/21,405.41
5/13/21,410.28
5/14/21,416.58
5/17/21,415.52
5/18/21,411.94
5/19/21,410.86
5/20/21,415.28
5/21/21,414.94
5/24/21,419.17
5/25/21,418.24
5/26/21,419.07
5/27/21,419.29
5/28/21,420.04
6/1/21,419.67
6/2/21,420.33
6/3/21,418.77
6/4/21,422.6
6/7/21,422.19
6/8/21,422.28
6/9/21,421.65
6/10/21,423.61
6/11/21,424.31
6/14/21,425.26
6/15/21,424.48
6/16/21,422.11
6/17/21,421.97
6/18/21,414.92
6/21/21,420.86
6/22/21,423.11
6/23/21,422.6
6/24/21,425.1
6/25/21,426.61
6/28/21,427.47
6/29/21,427.7
6/30/21,428.06
7/1/21,430.43
7/2/21,433.72
7/6/21,432.93
7/7/21,434.46
7/8/21,430.92
7/9/21,435.52
7/12/21,437.08
7/13/21,435.59
7/14/21,436.24
7/15/21,434.75
7/16/21,431.34
7/19/21,424.97
7/20/21,431.06
7/21/21,434.55
7/22/21,435.46
7/23/21,439.94
7/26/21,441.02
7/27/21,439.01
7/28/21,438.83
7/29/21,440.65
7/30/21,438.51
8/2/21,437.59
8/3/21,441.15
8/4/21,438.98
8/5/21,441.76
8/6/21,442.49
8/9/21,442.13
8/10/21,442.68
8/11/21,443.78
8/12/21,445.11
8/13/21,445.92
8/16/21,446.97
8/17/21,444.04
8/18/21,439.18
8/19/21,439.86
8/20/21,443.36
8/23/21,447.26
8/24/21,447.97
8/25/21,448.91
8/26/21,446.26
8/27/21,450.25
8/30/21,452.23
8/31/21,451.56
9/1/21,451.8
9/2/21,453.19
9/3/21,453.08
9/7/21,451.46
9/8/21,450.91
9/9/21,448.98
9/10/21,445.44
9/13/21,446.58
9/14/21,444.17
9/15/21,447.88
9/16/21,447.17
9/17/21,441.4
9/20/21,434.04
9/21/21,433.63
9/22/21,437.86
9/23/21,443.18
9/24/21,443.91
9/27/21,442.64
9/28/21,433.72
9/29/21,434.45
9/30/21,429.14
10/1/21,434.24
10/4/21,428.64
10/5/21,433.1
10/6/21,434.9
10/7/21,438.66
10/8/21,437.86
10/11/21,434.69
10/12/21,433.62
10/13/21,435.18
10/14/21,442.5
10/15/21,445.87
10/18/21,447.19
10/19/21,450.64
10/20/21,452.41
10/21/21,453.59
10/22/21,453.12
10/25/21,455.55
10/26/21,455.96
10/27/21,453.94
10/28/21,458.32
10/29/21,459.25
11/1/21,460.04
11/2/21,461.9
11/3/21,464.72
11/4/21,466.91
11/5/21,468.53
11/8/21,468.93
11/9/21,467.38
11/10/21,463.62
11/11/21,463.77
11/12/21,467.27
11/15/21,467.43
11/16/21,469.28
11/17/21,468.14
11/18/21,469.73
11/19/21,468.89
11/22/21,467.57
11/23/21,468.19
11/24/21,469.44
11/26/21,458.97
11/29/21,464.6
11/30/21,455.56
12/1/21,450.5
12/2/21,457.4
12/3/21,453.42
12/6/21,458.79
12/7/21,468.28
12/8/21,469.52
12/9/21,466.35
12/10/21,470.74
12/13/21,466.57
12/14/21,463.36
12/15/21,470.6
12/16/21,466.45
12/17/21,459.87
12/20/21,454.98
12/21/21,463.06
12/22/21,467.69
12/23/21,470.6
12/27/21,477.26
12/28/21,476.87
12/29/21,477.48
12/30/21,476.16
12/31/21,474.96
1/3/22,477.71
1/4/22,477.55
1/5/22,468.38
1/6/22,467.94
1/7/22,466.09
1/10/22,465.51
1/11/22,469.75
1/12/22,471.02
1/13/22,464.53
1/14/22,464.72
1/18/22,456.49
1/19/22,451.75
1/20/22,446.75
1/21/22,437.98
1/24/22,439.84
1/25/22,434.47
1/26/22,433.38
1/27/22,431.24
1/28/22,441.95
1/31/22,449.91
2/1/22,452.95
2/2/22,457.35
2/3/22,446.6
2/4/22,448.7
2/7/22,447.26
2/8/22,450.94
2/9/22,457.54
2/10/22,449.32
2/11/22,440.46
2/14/22,439.02
2/15/22,446.1
2/16/22,446.6
2/17/22,437.06
2/18/22,434.23
2/22/22,429.57
2/23/22,421.95
2/24/22,428.3
2/25/22,437.75
2/28/22,436.63
3/1/22,429.98
3/2/22,437.89
3/3/22,435.71
3/4/22,432.17
3/7/22,419.43
3/8/22,416.25
3/9/22,427.41
3/10/22,425.48
3/11/22,420.07
3/14/22,417
3/15/22,426.17
3/16/22,435.62
3/17/22,441.07
3/18/22,444.52
3/21/22,444.39
3/22/22,449.59
3/23/22,443.8
3/24/22,450.49
3/25/22,452.69
3/28/22,455.91
3/29/22,461.55
3/30/22,458.7
3/31/22,451.64
4/1/22,452.92
4/4/22,456.8
4/5/22,451.03
4/6/22,446.52
4/7/22,448.77
4/8/22,447.57
4/11/22,439.92
4/12/22,438.29
4/13/22,443.31
4/14/22,437.79
4/18/22,437.97
4/19/22,445.04
4/20/22,444.71
4/21/22,438.06
4/22/22,426.04
4/25/22,428.51
4/26/22,416.1
4/27/22,417.27
4/28/22,427.81
4/29/22,412
5/2/22,414.48
5/3/22,416.38
5/4/22,429.06
5/5/22,413.81